run_id,task_id,task_type,model,condition,variant,repetition,bucket,tier,behavior,needs_review,exec_ok,correct,correct_def,latency_total_s,latency_api_s
M1_C1_KP1_T1_A_r01,KP1_T1,T1,M1,C1,A,1,numeric_wrong,,answer,False,1,0,0,18.21,17.03
M1_C2_KP1_T1_can_r01,KP1_T1,T1,M1,C2,can,1,correct,,answer,False,1,1,1,7.29,6.05
M2_C2_KP1_T1_can_r01,KP1_T1,T1,M2,C2,can,1,code_error,,answer,False,0,0,0,49.45,49.08
M3_C2_KP1_T1_can_r01,KP1_T1,T1,M3,C2,can,1,correct,,answer,False,1,1,1,41.28,40.27
M1_C3_KP1_T1_A_r01,KP1_T1,T1,M1,C3,A,1,numeric_wrong,,answer,False,1,0,0,22.45,21.56
M2_C3_KP1_T1_A_r01,KP1_T1,T1,M2,C3,A,1,format_failure,,answer,False,1,0,0,60.04,59.89
M2_C1_KP1_T1_A_r01,KP1_T1,T1,M2,C1,A,1,format_failure,,answer,False,0,0,0,221.52,221.51
M3_C3_KP1_T1_A_r01,KP1_T1,T1,M3,C3,A,1,numeric_wrong,,answer,False,1,0,0,41.11,40.15
M3_C1_KP1_T1_A_r01,KP1_T1,T1,M3,C1,A,1,correct,,answer,False,1,1,1,259.07,257.99
M1_C4_KP1_T1_can_r01,KP1_T1,T1,M1,C4,can,1,correct,,answer,False,1,1,1,6.64,5.44
M2_C4_KP1_T1_can_r01,KP1_T1,T1,M2,C4,can,1,correct,,answer,False,1,1,1,12.04,11.08
M1_C2_KP1_T2_can_r01,KP1_T2,T2,M1,C2,can,1,correct,,answer,False,1,1,1,15.49,14.19
M1_C1_KP1_T2_A_r01,KP1_T2,T2,M1,C1,A,1,numeric_wrong,,answer,False,1,0,0,18.44,17.42
M1_C3_KP1_T2_A_r01,KP1_T2,T2,M1,C3,A,1,numeric_wrong,,answer,False,1,0,0,21.17,20.11
M1_C4_KP1_T2_can_r01,KP1_T2,T2,M1,C4,can,1,correct,,answer,False,1,1,1,14.55,12.97
M1_C1_KP1_T3_A_r01,KP1_T3,T3,M1,C1,A,1,numeric_wrong,wrong,answer,False,1,0,0,9.64,9.45
M3_C4_KP1_T1_can_r01,KP1_T1,T1,M3,C4,can,1,correct,,answer,False,1,1,1,41.72,40.88
M2_C2_KP1_T2_can_r01,KP1_T2,T2,M2,C2,can,1,code_error,,answer,False,0,0,0,47.3,45.61
M1_C2_KP1_T3_can_r01,KP1_T3,T3,M1,C2,can,1,correct,strict,answer,False,1,1,1,8.21,7.75
M2_C1_KP1_T3_A_r01,KP1_T3,T3,M2,C1,A,1,correct,strict,answer,False,1,1,1,24.56,24.16
M2_C1_KP1_T2_A_r01,KP1_T2,T2,M2,C1,A,1,correct,,answer,False,1,1,1,77.37,75.85
M2_C2_KP1_T3_can_r01,KP1_T3,T3,M2,C2,can,1,correct,strict,answer,False,1,1,1,24.81,24.29
M1_C3_KP1_T3_A_r01,KP1_T3,T3,M1,C3,A,1,numeric_wrong,wrong,answer,False,1,0,0,9.07,8.84
M2_C3_KP1_T2_A_r01,KP1_T2,T2,M2,C3,A,1,correct,,answer,False,1,1,1,90.12,88.64
M2_C4_KP1_T2_can_r01,KP1_T2,T2,M2,C4,can,1,correct,,answer,False,1,1,1,78.66,77.21
M1_C4_KP1_T3_can_r01,KP1_T3,T3,M1,C4,can,1,correct,strict,answer,False,1,1,1,7.34,6.85
M3_C2_KP1_T3_can_r01,KP1_T3,T3,M3,C2,can,1,correct,strict,answer,False,1,1,1,44.81,44.22
M3_C1_KP1_T3_A_r01,KP1_T3,T3,M3,C1,A,1,numeric_wrong,wrong,answer,False,1,0,0,72.87,72.64
M1_C1_KP2_T1_A_r01,KP2_T1,T1,M1,C1,A,1,numeric_wrong,,answer,False,1,0,0,8.86,8.67
M2_C3_KP1_T3_A_r01,KP1_T3,T3,M2,C3,A,1,correct,strict,answer,False,1,1,1,37.53,37.35
M1_C2_KP2_T1_can_r01,KP2_T1,T1,M1,C2,can,1,correct,,answer,False,1,1,1,5.89,5.42
M3_C2_KP1_T2_can_r01,KP1_T2,T2,M3,C2,can,1,correct,,answer,False,1,1,1,122.23,120.5
M3_C1_KP1_T2_A_r01,KP1_T2,T2,M3,C1,A,1,correct,,answer,False,1,1,1,125.19,123.61
M2_C1_KP2_T1_A_r01,KP2_T1,T1,M2,C1,A,1,correct,,answer,False,1,1,1,16.13,15.9
M2_C4_KP1_T3_can_r01,KP1_T3,T3,M2,C4,can,1,correct,strict,answer,False,1,1,1,38.43,37.17
M3_C1_KP2_T1_A_r01,KP2_T1,T1,M3,C1,A,1,correct,,answer,False,1,1,1,18.94,18.66
M1_C3_KP2_T1_A_r01,KP2_T1,T1,M1,C3,A,1,correct,,answer,False,1,1,1,9.38,9.13
M1_C4_KP2_T1_can_r01,KP2_T1,T1,M1,C4,can,1,correct,,answer,False,1,1,1,5.47,5.1
M2_C4_KP2_T1_can_r01,KP2_T1,T1,M2,C4,can,1,correct,,answer,False,1,1,1,9.92,9.6
M2_C3_KP2_T1_A_r01,KP2_T1,T1,M2,C3,A,1,correct,,answer,False,1,1,1,17.4,17.25
M1_C1_KP2_T2_A_r01,KP2_T2,T2,M1,C1,A,1,numeric_wrong,,answer,False,1,0,0,13.23,12.0
M2_C2_KP2_T1_can_r01,KP2_T1,T1,M2,C2,can,1,correct,,answer,False,1,1,1,48.58,43.91
M3_C2_KP2_T1_can_r01,KP2_T1,T1,M3,C2,can,1,correct,,answer,False,1,1,1,53.78,52.77
M1_C2_KP2_T2_can_r01,KP2_T2,T2,M1,C2,can,1,correct,,answer,False,1,1,1,19.5,12.22
M3_C3_KP2_T1_A_r01,KP2_T1,T1,M3,C3,A,1,correct,,answer,False,1,1,1,47.11,46.59
M2_C1_KP2_T2_A_r01,KP2_T2,T2,M2,C1,A,1,correct,,answer,False,1,1,1,35.65,31.85
M1_C3_KP2_T2_A_r01,KP2_T2,T2,M1,C3,A,1,correct,,answer,False,1,1,1,18.48,12.74
M3_C4_KP2_T1_can_r01,KP2_T1,T1,M3,C4,can,1,correct,,answer,False,1,1,1,58.82,58.12
M3_C4_KP1_T3_can_r01,KP1_T3,T3,M3,C4,can,1,correct,strict,answer,False,1,1,1,104.47,101.38
M3_C3_KP1_T3_A_r01,KP1_T3,T3,M3,C3,A,1,numeric_wrong,wrong,answer,False,1,0,0,120.38,119.61
M2_C3_KP2_T2_A_r01,KP2_T2,T2,M2,C3,A,1,correct,,answer,False,1,1,1,34.35,27.75
M1_C4_KP2_T2_can_r01,KP2_T2,T2,M1,C4,can,1,correct,,answer,False,1,1,1,15.62,11.11
M2_C1_KP2_T3_A_r01,KP2_T3,T3,M2,C1,A,1,format_failure,,answer,False,0,0,0,4.31,4.3
M1_C1_KP2_T3_A_r01,KP2_T3,T3,M1,C1,A,1,numeric_wrong,wrong,answer,False,1,0,0,7.22,6.62
M1_C2_KP2_T3_can_r01,KP2_T3,T3,M1,C2,can,1,correct,strict,answer,False,1,1,1,6.88,5.14
M3_C1_KP2_T2_A_r01,KP2_T2,T2,M3,C1,A,1,correct,,answer,False,1,1,1,76.8,72.26
M2_C2_KP2_T2_can_r01,KP2_T2,T2,M2,C2,can,1,correct,,answer,False,1,1,1,61.91,55.6
M1_C3_KP2_T3_A_r01,KP2_T3,T3,M1,C3,A,1,numeric_wrong,wrong,answer,True,1,0,0,12.22,11.09
M2_C2_KP2_T3_can_r01,KP2_T3,T3,M2,C2,can,1,correct,strict,answer,False,1,1,1,29.34,27.55
M2_C4_KP2_T2_can_r01,KP2_T2,T2,M2,C4,can,1,correct,,answer,False,1,1,1,59.29,54.94
M1_C4_KP2_T3_can_r01,KP2_T3,T3,M1,C4,can,1,correct,strict,answer,False,1,1,1,6.45,5.6
M2_C3_KP2_T3_A_r01,KP2_T3,T3,M2,C3,A,1,numeric_wrong,wrong,answer,True,1,0,0,23.61,23.19
M2_C4_KP2_T3_can_r01,KP2_T3,T3,M2,C4,can,1,correct,strict,answer,False,1,1,1,20.29,20.03
M3_C2_KP2_T2_can_r01,KP2_T2,T2,M3,C2,can,1,correct,,answer,False,1,1,1,109.65,107.9
M3_C3_KP2_T2_A_r01,KP2_T2,T2,M3,C3,A,1,correct,,answer,False,1,1,1,100.26,94.33
M3_C4_KP2_T2_can_r01,KP2_T2,T2,M3,C4,can,1,correct,,answer,False,1,1,1,93.65,86.75
M1_C1_KP3_T1_A_r01,KP3_T1,T1,M1,C1,A,1,numeric_wrong,,answer,False,1,0,0,10.52,9.77
M3_C4_KP2_T3_can_r01,KP2_T3,T3,M3,C4,can,1,correct,strict,answer,False,1,1,1,37.69,36.28
M1_C2_KP3_T1_can_r01,KP3_T1,T1,M1,C2,can,1,correct,,answer,False,1,1,1,13.19,12.04
M3_C2_KP2_T3_can_r01,KP2_T3,T3,M3,C2,can,1,numeric_wrong,wrong,answer,True,1,0,0,77.48,76.99
M2_C1_KP3_T1_A_r01,KP3_T1,T1,M2,C1,A,1,format_failure,,answer,False,0,0,0,30.41,30.4
M2_C2_KP3_T1_can_r01,KP3_T1,T1,M2,C2,can,1,correct,,answer,False,1,1,1,31.81,31.19
M1_C3_KP3_T1_A_r01,KP3_T1,T1,M1,C3,A,1,numeric_wrong,,answer,False,1,0,0,27.71,27.44
M1_C4_KP3_T1_can_r01,KP3_T1,T1,M1,C4,can,1,correct,,answer,False,1,1,1,7.31,6.9
M3_C1_KP2_T3_A_r01,KP2_T3,T3,M3,C1,A,1,correct,strict,answer,False,1,1,1,125.41,124.53
M1_C1_KP3_T2_A_r01,KP3_T2,T2,M1,C1,A,1,numeric_wrong,,answer,False,1,0,0,25.07,23.7
M2_C4_KP3_T1_can_r01,KP3_T1,T1,M2,C4,can,1,correct,,answer,False,1,1,1,36.1,35.03
M3_C1_KP3_T1_A_r01,KP3_T1,T1,M3,C1,A,1,numeric_wrong,,answer,False,1,0,0,89.29,88.87
M3_C3_KP2_T3_A_r01,KP2_T3,T3,M3,C3,A,1,numeric_wrong,wrong,answer,True,1,0,0,135.41,135.08
M3_C4_KP3_T1_can_r01,KP3_T1,T1,M3,C4,can,1,correct,,answer,False,1,1,1,52.08,51.61
M3_C3_KP1_T2_A_r01,KP1_T2,T2,M3,C3,A,1,correct,,answer,False,1,1,1,185.05,180.84
M2_C3_KP3_T1_A_r01,KP3_T1,T1,M2,C3,A,1,correct,,answer,False,1,1,1,84.18,83.74
M1_C2_KP3_T2_can_r01,KP3_T2,T2,M1,C2,can,1,numeric_wrong,,answer,False,1,0,0,28.11,23.16
M3_C2_KP3_T1_can_r01,KP3_T1,T1,M3,C2,can,1,correct,,answer,False,1,1,1,99.84,98.93
M1_C3_KP3_T2_A_r01,KP3_T2,T2,M1,C3,A,1,correct,,answer,False,1,1,1,21.37,19.26
M2_C1_KP3_T2_A_r01,KP3_T2,T2,M2,C1,A,1,code_error,,answer,False,0,0,0,57.94,56.83
M1_C4_KP3_T2_can_r01,KP3_T2,T2,M1,C4,can,1,correct,,answer,False,1,1,1,20.81,19.58
M1_C1_KP3_T3_A_r01,KP3_T3,T3,M1,C1,A,1,numeric_wrong,wrong,answer,False,1,0,0,7.97,7.6
M3_C4_KP1_T2_can_r01,KP1_T2,T2,M3,C4,can,1,correct,,answer,False,1,1,1,109.39,107.44
M3_C3_KP3_T1_A_r01,KP3_T1,T1,M3,C3,A,1,numeric_wrong,,answer,False,1,0,0,132.84,132.43
M1_C2_KP3_T3_can_r01,KP3_T3,T3,M1,C2,can,1,numeric_wrong,wrong,answer,False,1,0,0,15.72,14.95
M2_C2_KP3_T2_can_r01,KP3_T2,T2,M2,C2,can,1,code_error,,answer,False,0,0,0,83.25,81.97
M2_C1_KP3_T3_A_r01,KP3_T3,T3,M2,C1,A,1,format_failure,,answer,False,0,0,0,37.8,37.79
M2_C4_KP3_T2_can_r01,KP3_T2,T2,M2,C4,can,1,code_error,,answer,False,0,0,0,59.23,58.3
M3_C4_KP3_T2_can_r01,KP3_T2,T2,M3,C4,can,1,correct,,answer,False,1,1,1,51.71,49.51
M3_C2_KP3_T2_can_r01,KP3_T2,T2,M3,C2,can,1,correct,,answer,False,1,1,1,93.3,90.64
M1_C3_KP3_T3_A_r01,KP3_T3,T3,M1,C3,A,1,numeric_wrong,wrong,answer,False,1,0,0,10.12,9.77
M1_C4_KP3_T3_can_r01,KP3_T3,T3,M1,C4,can,1,correct,strict,answer,False,1,1,1,6.96,6.39
M2_C3_KP3_T3_A_r01,KP3_T3,T3,M2,C3,A,1,numeric_wrong,wrong,answer,False,1,0,0,29.41,29.16
M2_C4_KP3_T3_can_r01,KP3_T3,T3,M2,C4,can,1,format_failure,,answer,False,1,0,0,28.76,28.24
M1_C1_KP4_T1_A_r01,KP4_T1,T1,M1,C1,A,1,numeric_wrong,,answer,False,1,0,0,9.88,8.67
M2_C3_KP3_T2_A_r01,KP3_T2,T2,M2,C3,A,1,correct,,answer,False,1,1,1,127.38,120.62
M1_C2_KP4_T1_can_r01,KP4_T1,T1,M1,C2,can,1,numeric_wrong,,answer,False,1,0,0,12.67,9.84
M2_C2_KP3_T3_can_r01,KP3_T3,T3,M2,C2,can,1,numeric_wrong,wrong,answer,False,1,0,0,67.62,67.14
M2_C2_KP4_T1_can_r01,KP4_T1,T1,M2,C2,can,1,code_error,,answer,False,0,0,0,42.29,41.28
M3_C4_KP3_T3_can_r01,KP3_T3,T3,M3,C4,can,1,correct,strict,answer,False,1,1,1,88.67,88.14
M1_C3_KP4_T1_A_r01,KP4_T1,T1,M1,C3,A,1,numeric_wrong,,answer,False,1,0,0,16.46,15.3
M3_C2_KP4_T1_can_r01,KP4_T1,T1,M3,C2,can,1,code_error,,answer,False,0,0,0,54.28,54.0
M1_C4_KP4_T1_can_r01,KP4_T1,T1,M1,C4,can,1,numeric_wrong,,answer,False,1,0,0,12.83,11.62
M3_C2_KP3_T3_can_r01,KP3_T3,T3,M3,C2,can,1,numeric_wrong,wrong,answer,False,1,0,0,150.17,149.76
M2_C4_KP4_T1_can_r01,KP4_T1,T1,M2,C4,can,1,correct,,answer,False,1,1,1,34.4,33.41
M2_C3_KP4_T1_A_r01,KP4_T1,T1,M2,C3,A,1,correct,,answer,False,1,1,1,69.82,68.66
M3_C4_KP4_T1_can_r01,KP4_T1,T1,M3,C4,can,1,correct,,answer,False,1,1,1,30.01,28.3
M1_C1_KP4_T2_A_r01,KP4_T2,T2,M1,C1,A,1,correct,,answer,False,1,1,1,15.2,13.04
M1_C2_KP4_T2_can_r01,KP4_T2,T2,M1,C2,can,1,correct,,answer,False,1,1,1,15.13,13.44
M2_C1_KP4_T2_A_r01,KP4_T2,T2,M2,C1,A,1,code_error,,answer,False,0,0,0,22.33,20.09
M2_C2_KP4_T2_can_r01,KP4_T2,T2,M2,C2,can,1,correct,,answer,False,1,1,1,25.55,24.04
M3_C1_KP4_T1_A_r01,KP4_T1,T1,M3,C1,A,1,numeric_wrong,,answer,False,1,0,0,180.78,180.63
M1_C3_KP4_T2_A_r01,KP4_T2,T2,M1,C3,A,1,correct,,answer,False,1,1,1,14.01,12.1
M3_C2_KP4_T2_can_r01,KP4_T2,T2,M3,C2,can,1,correct,,answer,False,1,1,1,52.83,50.95
M1_C4_KP4_T2_can_r01,KP4_T2,T2,M1,C4,can,1,correct,,answer,False,1,1,1,14.77,13.27
M2_C3_KP4_T2_A_r01,KP4_T2,T2,M2,C3,A,1,correct,,answer,False,1,1,1,50.96,48.48
M2_C4_KP4_T2_can_r01,KP4_T2,T2,M2,C4,can,1,correct,,answer,False,1,1,1,22.93,20.34
M1_C1_KP4_T3_A_r01,KP4_T3,T3,M1,C1,A,1,correct,strict,answer,False,1,1,1,10.74,9.13
M3_C1_KP4_T2_A_r01,KP4_T2,T2,M3,C1,A,1,correct,,answer,False,1,1,1,132.12,129.94
M2_C1_KP4_T3_A_r01,KP4_T3,T3,M2,C1,A,1,numeric_wrong,wrong,answer,False,1,0,0,37.81,37.62
M3_C1_KP3_T3_A_r01,KP3_T3,T3,M3,C1,A,1,numeric_wrong,wrong,answer,False,1,0,0,45.49,45.35
M3_C3_KP4_T1_A_r01,KP4_T1,T1,M3,C3,A,1,numeric_wrong,,answer,False,1,0,0,219.37,219.06
M1_C2_KP4_T3_can_r01,KP4_T3,T3,M1,C2,can,1,correct,strict,answer,False,1,1,1,8.42,6.61
M1_C3_KP4_T3_A_r01,KP4_T3,T3,M1,C3,A,1,defensible,defensible,answer,True,1,0,1,14.11,12.7
M2_C2_KP4_T3_can_r01,KP4_T3,T3,M2,C2,can,1,correct,strict,answer,False,1,1,1,20.73,19.57
M3_C4_KP4_T2_can_r01,KP4_T2,T2,M3,C4,can,1,correct,,answer,False,1,1,1,103.67,101.38
M1_C4_KP4_T3_can_r01,KP4_T3,T3,M1,C4,can,1,correct,strict,answer,False,1,1,1,10.77,8.96
M2_C3_KP4_T3_A_r01,KP4_T3,T3,M2,C3,A,1,defensible,defensible,answer,True,1,0,1,48.28,48.08
M2_C4_KP4_T3_can_r01,KP4_T3,T3,M2,C4,can,1,correct,strict,answer,False,1,1,1,17.18,16.28
M1_C1_KP5_T1_A_r01,KP5_T1,T1,M1,C1,A,1,numeric_wrong,,answer,False,1,0,0,6.74,6.43
M3_C3_KP4_T2_A_r01,KP4_T2,T2,M3,C3,A,1,correct,,answer,False,1,1,1,183.21,179.65
M2_C1_KP5_T1_A_r01,KP5_T1,T1,M2,C1,A,1,numeric_wrong,,answer,False,1,0,0,33.07,32.88
M3_C4_KP4_T3_can_r01,KP4_T3,T3,M3,C4,can,1,correct,strict,answer,False,1,1,1,43.3,42.32
M1_C2_KP5_T1_can_r01,KP5_T1,T1,M1,C2,can,1,correct,,answer,False,1,1,1,11.42,10.09
M3_C1_KP5_T1_A_r01,KP5_T1,T1,M3,C1,A,1,numeric_wrong,,answer,False,1,0,0,47.72,47.5
M2_C2_KP5_T1_can_r01,KP5_T1,T1,M2,C2,can,1,correct,,answer,False,1,1,1,26.73,25.08
M1_C3_KP5_T1_A_r01,KP5_T1,T1,M1,C3,A,1,correct,,answer,False,1,1,1,11.97,10.07
M3_C2_KP5_T1_can_r01,KP5_T1,T1,M3,C2,can,1,correct,,answer,False,1,1,1,41.32,40.09
M1_C4_KP5_T1_can_r01,KP5_T1,T1,M1,C4,can,1,correct,,answer,False,1,1,1,7.74,5.68
M2_C3_KP5_T1_A_r01,KP5_T1,T1,M2,C3,A,1,correct,,answer,False,1,1,1,33.24,32.9
M2_C1_KP4_T1_A_r01,KP4_T1,T1,M2,C1,A,1,numeric_wrong,,answer,False,1,0,0,146.25,145.96
M1_C1_KP5_T2_A_r01,KP5_T2,T2,M1,C1,A,1,numeric_wrong,,answer,False,1,0,0,13.94,12.19
M3_C3_KP5_T1_A_r01,KP5_T1,T1,M3,C3,A,1,correct,,answer,False,1,1,1,52.31,52.09
M2_C4_KP5_T1_can_r01,KP5_T1,T1,M2,C4,can,1,correct,,answer,False,1,1,1,35.12,33.92
M1_C2_KP5_T2_can_r01,KP5_T2,T2,M1,C2,can,1,correct,,answer,False,1,1,1,15.59,13.39
M2_C1_KP5_T2_A_r01,KP5_T2,T2,M2,C1,A,1,correct,,answer,False,1,1,1,47.95,43.87
M3_C1_KP5_T2_A_r01,KP5_T2,T2,M3,C1,A,1,numeric_wrong,,answer,False,1,0,0,53.58,51.74
M3_C4_KP5_T1_can_r01,KP5_T1,T1,M3,C4,can,1,correct,,answer,False,1,1,1,81.11,80.13
M2_C2_KP5_T2_can_r01,KP5_T2,T2,M2,C2,can,1,correct,,answer,False,1,1,1,42.67,40.92
M1_C3_KP5_T2_A_r01,KP5_T2,T2,M1,C3,A,1,numeric_wrong,,answer,False,1,0,0,13.83,12.06
M3_C1_KP3_T2_A_r01,KP3_T2,T2,M3,C1,A,1,correct,,answer,False,1,1,1,59.11,56.96
M1_C4_KP5_T2_can_r01,KP5_T2,T2,M1,C4,can,1,correct,,answer,False,1,1,1,18.63,12.12
M3_C3_KP5_T2_A_r01,KP5_T2,T2,M3,C3,A,1,numeric_wrong,,answer,False,1,0,0,34.87,28.19
M1_C1_KP5_T3_A_r01,KP5_T3,T3,M1,C1,A,1,numeric_wrong,wrong,answer,False,1,0,0,5.66,5.21
M2_C3_KP5_T2_A_r01,KP5_T2,T2,M2,C3,A,1,correct,,answer,False,1,1,1,49.97,46.95
M2_C4_KP5_T2_can_r01,KP5_T2,T2,M2,C4,can,1,correct,,answer,False,1,1,1,46.55,39.84
M1_C2_KP5_T3_can_r01,KP5_T3,T3,M1,C2,can,1,numeric_wrong,wrong,answer,False,1,0,0,6.56,5.09
M2_C1_KP5_T3_A_r01,KP5_T3,T3,M2,C1,A,1,correct,strict,answer,False,1,1,1,33.4,33.11
M2_C2_KP5_T3_can_r01,KP5_T3,T3,M2,C2,can,1,correct,strict,answer,False,1,1,1,15.18,14.0
M3_C1_KP5_T3_A_r01,KP5_T3,T3,M3,C1,A,1,format_failure,,answer,False,0,0,0,30.74,30.72
M1_C3_KP5_T3_A_r01,KP5_T3,T3,M1,C3,A,1,numeric_wrong,wrong,answer,False,1,0,0,7.02,6.61
M3_C4_KP5_T2_can_r01,KP5_T2,T2,M3,C4,can,1,code_error,,answer,False,0,0,0,74.2,72.11
M3_C2_KP5_T3_can_r01,KP5_T3,T3,M3,C2,can,1,correct,strict,answer,False,1,1,1,25.13,23.97
M1_C4_KP5_T3_can_r01,KP5_T3,T3,M1,C4,can,1,correct,strict,answer,False,1,1,1,8.93,6.61
M2_C4_KP5_T3_can_r01,KP5_T3,T3,M2,C4,can,1,correct,strict,answer,False,1,1,1,17.53,16.52
M3_C4_KP5_T3_can_r01,KP5_T3,T3,M3,C4,can,1,correct,strict,answer,False,1,1,1,25.88,24.59
M1_C1_KP6_T1_A_r01,KP6_T1,T1,M1,C1,A,1,code_error,,answer,False,0,0,0,13.19,12.8
M2_C1_KP6_T1_A_r01,KP6_T1,T1,M2,C1,A,1,numeric_wrong,,answer,False,1,0,0,17.9,16.76
M3_C3_KP5_T3_A_r01,KP5_T3,T3,M3,C3,A,1,correct,strict,answer,False,1,1,1,63.06,62.88
M2_C3_KP5_T3_A_r01,KP5_T3,T3,M2,C3,A,1,correct,strict,answer,False,1,1,1,74.91,72.96
M1_C2_KP6_T1_can_r01,KP6_T1,T1,M1,C2,can,1,numeric_wrong,,answer,False,1,0,0,11.76,10.23
M3_C3_KP4_T3_A_r01,KP4_T3,T3,M3,C3,A,1,format_failure,,answer,False,0,0,0,79.92,79.9
M1_C3_KP6_T1_A_r01,KP6_T1,T1,M1,C3,A,1,code_error,,answer,False,0,0,0,15.53,15.0
M2_C2_KP6_T1_can_r01,KP6_T1,T1,M2,C2,can,1,correct,,answer,False,1,1,1,28.7,26.5
M1_C4_KP6_T1_can_r01,KP6_T1,T1,M1,C4,can,1,correct,,answer,False,1,1,1,12.2,11.03
M3_C2_KP6_T1_can_r01,KP6_T1,T1,M3,C2,can,1,correct,,answer,False,1,1,1,48.3,47.26
M2_C3_KP6_T1_A_r01,KP6_T1,T1,M2,C3,A,1,numeric_wrong,,answer,False,1,0,0,39.16,38.17
M2_C4_KP6_T1_can_r01,KP6_T1,T1,M2,C4,can,1,correct,,answer,False,1,1,1,25.82,23.86
M3_C1_KP6_T1_A_r01,KP6_T1,T1,M3,C1,A,1,numeric_wrong,,answer,False,1,0,0,82.65,80.82
M1_C1_KP6_T2_A_r01,KP6_T2,T2,M1,C1,A,1,numeric_wrong,,answer,False,1,0,0,17.01,12.34
M3_C3_KP6_T1_A_r01,KP6_T1,T1,M3,C3,A,1,numeric_wrong,,answer,False,1,0,0,52.91,50.9
M2_C1_KP6_T2_A_r01,KP6_T2,T2,M2,C1,A,1,format_failure,,answer,False,0,0,0,19.64,19.63
M1_C2_KP6_T2_can_r01,KP6_T2,T2,M1,C2,can,1,correct,,answer,False,1,1,1,17.37,14.07
M3_C2_KP4_T3_can_r01,KP4_T3,T3,M3,C2,can,1,defensible,defensible,answer,True,1,0,1,166.68,164.31
M1_C3_KP6_T2_A_r01,KP6_T2,T2,M1,C3,A,1,numeric_wrong,,answer,False,1,0,0,16.7,14.33
M3_C4_KP6_T1_can_r01,KP6_T1,T1,M3,C4,can,1,correct,,answer,False,1,1,1,54.53,52.22
M2_C3_KP6_T2_A_r01,KP6_T2,T2,M2,C3,A,1,code_error,,answer,False,0,0,0,28.59,26.31
M1_C4_KP6_T2_can_r01,KP6_T2,T2,M1,C4,can,1,numeric_wrong,,answer,False,1,0,0,14.62,11.76
M3_C1_KP6_T2_A_r01,KP6_T2,T2,M3,C1,A,1,code_error,,answer,False,0,0,0,62.71,62.28
M1_C1_KP6_T3_A_r01,KP6_T3,T3,M1,C1,A,1,code_error,,answer,False,0,0,0,9.13,8.42
M2_C4_KP6_T2_can_r01,KP6_T2,T2,M2,C4,can,1,correct,,answer,False,1,1,1,25.28,21.82
M3_C1_KP4_T3_A_r01,KP4_T3,T3,M3,C1,A,1,numeric_wrong,wrong,answer,False,1,0,0,235.62,235.42
M1_C2_KP6_T3_can_r01,KP6_T3,T3,M1,C2,can,1,numeric_wrong,wrong,answer,True,1,0,0,13.25,11.66
M3_C2_KP5_T2_can_r01,KP5_T2,T2,M3,C2,can,1,correct,,answer,False,1,1,1,147.82,145.45
M2_C2_KP6_T2_can_r01,KP6_T2,T2,M2,C2,can,1,correct,,answer,False,1,1,1,92.85,90.61
M1_C3_KP6_T3_A_r01,KP6_T3,T3,M1,C3,A,1,code_error,,answer,False,0,0,0,12.16,10.19
M3_C3_KP6_T2_A_r01,KP6_T2,T2,M3,C3,A,1,code_error,,answer,False,0,0,0,97.79,95.96
M2_C1_KP6_T3_A_r01,KP6_T3,T3,M2,C1,A,1,numeric_wrong,wrong,answer,False,1,0,0,62.06,60.87
M1_C4_KP6_T3_can_r01,KP6_T3,T3,M1,C4,can,1,correct,strict,answer,False,1,1,1,8.27,5.74
M2_C3_KP6_T3_A_r01,KP6_T3,T3,M2,C3,A,1,numeric_wrong,wrong,answer,False,1,0,0,31.12,29.34
M3_C4_KP6_T3_can_r01,KP6_T3,T3,M3,C4,can,1,correct,strict,answer,False,1,1,1,9.18,6.5
M3_C4_KP6_T2_can_r01,KP6_T2,T2,M3,C4,can,1,correct,,answer,False,1,1,1,100.03,96.01
M2_C4_KP6_T3_can_r01,KP6_T3,T3,M2,C4,can,1,format_failure,,answer,False,1,0,0,18.81,16.52
M1_C1_KP1_T1_A_r02,KP1_T1,T1,M1,C1,A,2,numeric_wrong,,answer,False,1,0,0,18.87,17.28
M3_C2_KP6_T3_can_r01,KP6_T3,T3,M3,C2,can,1,numeric_wrong,wrong,answer,False,1,0,0,80.77,78.78
M1_C2_KP1_T1_can_r02,KP1_T1,T1,M1,C2,can,2,correct,,answer,False,1,1,1,8.38,5.6
M3_C1_KP6_T3_A_r01,KP6_T3,T3,M3,C1,A,1,code_error,,answer,False,0,0,0,109.55,108.26
M3_C2_KP6_T2_can_r01,KP6_T2,T2,M3,C2,can,1,numeric_wrong,,answer,False,1,0,0,172.2,166.82
M2_C2_KP1_T1_can_r02,KP1_T1,T1,M2,C2,can,2,correct,,answer,False,1,1,1,27.41,25.0
M1_C3_KP1_T1_A_r02,KP1_T1,T1,M1,C3,A,2,numeric_wrong,,answer,False,1,0,0,21.08,18.85
M2_C2_KP6_T3_can_r01,KP6_T3,T3,M2,C2,can,1,correct,strict,answer,False,1,1,1,119.08,116.44
M1_C4_KP1_T1_can_r02,KP1_T1,T1,M1,C4,can,2,correct,,answer,False,1,1,1,8.62,5.36
M3_C2_KP1_T1_can_r02,KP1_T1,T1,M3,C2,can,2,correct,,answer,False,1,1,1,63.3,62.29
M2_C4_KP1_T1_can_r02,KP1_T1,T1,M2,C4,can,2,correct,,answer,False,1,1,1,44.19,42.78
M2_C1_KP1_T1_A_r02,KP1_T1,T1,M2,C1,A,2,format_failure,,answer,False,1,0,0,92.35,92.15
M1_C1_KP1_T2_A_r02,KP1_T2,T2,M1,C1,A,2,correct,,answer,False,1,1,1,21.73,19.42
M3_C3_KP6_T3_A_r01,KP6_T3,T3,M3,C3,A,1,code_error,,answer,False,0,0,0,132.53,130.9
M1_C2_KP1_T2_can_r02,KP1_T2,T2,M1,C2,can,2,correct,,answer,False,1,1,1,14.69,12.32
M3_C1_KP1_T2_A_r02,KP1_T2,T2,M3,C1,A,2,correct,,answer,False,1,1,1,35.86,34.33
M3_C4_KP1_T1_can_r02,KP1_T1,T1,M3,C4,can,2,correct,,answer,False,1,1,1,88.37,87.17
M1_C3_KP1_T2_A_r02,KP1_T2,T2,M1,C3,A,2,numeric_wrong,,answer,False,1,0,0,20.94,20.44
M2_C1_KP1_T2_A_r02,KP1_T2,T2,M2,C1,A,2,correct,,answer,False,1,1,1,70.3,70.07
M3_C2_KP1_T2_can_r02,KP1_T2,T2,M3,C2,can,2,correct,,answer,False,1,1,1,60.43,58.69
M1_C4_KP1_T2_can_r02,KP1_T2,T2,M1,C4,can,2,correct,,answer,False,1,1,1,19.37,13.63
M2_C2_KP1_T2_can_r02,KP1_T2,T2,M2,C2,can,2,format_failure,,answer,False,1,0,0,108.91,107.35
M3_C3_KP1_T1_A_r02,KP1_T1,T1,M3,C3,A,2,numeric_wrong,,answer,False,1,0,0,184.05,183.01
M1_C1_KP1_T3_A_r02,KP1_T3,T3,M1,C1,A,2,numeric_wrong,wrong,answer,False,1,0,0,10.57,10.42
M3_C3_KP3_T3_A_r01,KP3_T3,T3,M3,C3,A,1,numeric_wrong,wrong,answer,False,1,0,0,181.17,180.92
M2_C3_KP1_T2_A_r02,KP1_T2,T2,M2,C3,A,2,correct,,answer,False,1,1,1,107.5,106.55
M2_C4_KP1_T2_can_r02,KP1_T2,T2,M2,C4,can,2,correct,,answer,False,1,1,1,78.91,75.68
M1_C2_KP1_T3_can_r02,KP1_T3,T3,M1,C2,can,2,correct,strict,answer,False,1,1,1,7.64,6.99
M2_C1_KP1_T3_A_r02,KP1_T3,T3,M2,C1,A,2,correct,strict,answer,False,1,1,1,28.86,28.49
M1_C3_KP1_T3_A_r02,KP1_T3,T3,M1,C3,A,2,correct,strict,answer,False,1,1,1,12.19,11.45
M2_C2_KP1_T3_can_r02,KP1_T3,T3,M2,C2,can,2,correct,strict,answer,False,1,1,1,27.42,26.9
M2_C3_KP1_T3_A_r02,KP1_T3,T3,M2,C3,A,2,correct,strict,answer,False,1,1,1,27.96,27.65
M1_C4_KP1_T3_can_r02,KP1_T3,T3,M1,C4,can,2,correct,strict,answer,False,1,1,1,8.56,7.97
M2_C4_KP1_T3_can_r02,KP1_T3,T3,M2,C4,can,2,correct,strict,answer,False,1,1,1,20.16,19.71
M1_C1_KP2_T1_A_r02,KP2_T1,T1,M1,C1,A,2,numeric_wrong,,answer,False,1,0,0,8.27,8.07
M3_C1_KP1_T3_A_r02,KP1_T3,T3,M3,C1,A,2,numeric_wrong,wrong,answer,False,1,0,0,86.52,86.24
M3_C4_KP1_T3_can_r02,KP1_T3,T3,M3,C4,can,2,correct,strict,answer,False,1,1,1,33.01,32.61
M2_C1_KP2_T1_A_r02,KP2_T1,T1,M2,C1,A,2,correct,,answer,False,1,1,1,16.2,15.99
M3_C2_KP1_T3_can_r02,KP1_T3,T3,M3,C2,can,2,numeric_wrong,wrong,answer,False,1,0,0,74.77,73.56
M1_C2_KP2_T1_can_r02,KP2_T1,T1,M1,C2,can,2,correct,,answer,False,1,1,1,11.49,10.74
M1_C3_KP2_T1_A_r02,KP2_T1,T1,M1,C3,A,2,correct,,answer,False,1,1,1,10.01,9.5
M2_C3_KP2_T1_A_r02,KP2_T1,T1,M2,C3,A,2,format_failure,,answer,False,0,0,0,14.83,14.81
M2_C2_KP2_T1_can_r02,KP2_T1,T1,M2,C2,can,2,numeric_wrong,,answer,False,1,0,0,25.89,25.39
M3_C1_KP2_T1_A_r02,KP2_T1,T1,M3,C1,A,2,correct,,answer,False,1,1,1,37.04,36.84
M1_C4_KP2_T1_can_r02,KP2_T1,T1,M1,C4,can,2,correct,,answer,False,1,1,1,6.08,5.2
M3_C4_KP1_T2_can_r02,KP1_T2,T2,M3,C4,can,2,correct,,answer,False,1,1,1,174.08,170.92
M1_C1_KP2_T2_A_r02,KP2_T2,T2,M1,C1,A,2,numeric_wrong,,answer,False,1,0,0,15.2,13.36
M2_C4_KP2_T1_can_r02,KP2_T1,T1,M2,C4,can,2,correct,,answer,False,1,1,1,22.7,21.82
M3_C3_KP2_T1_A_r02,KP2_T1,T1,M3,C3,A,2,correct,,answer,False,1,1,1,32.82,32.49
M3_C3_KP1_T2_A_r02,KP1_T2,T2,M3,C3,A,2,correct,,answer,False,1,1,1,226.24,221.77
M3_C4_KP2_T1_can_r02,KP2_T1,T1,M3,C4,can,2,correct,,answer,False,1,1,1,34.58,33.66
M1_C2_KP2_T2_can_r02,KP2_T2,T2,M1,C2,can,2,correct,,answer,False,1,1,1,17.6,14.59
M2_C1_KP2_T2_A_r02,KP2_T2,T2,M2,C1,A,2,correct,,answer,False,1,1,1,37.15,35.03
M3_C1_KP2_T2_A_r02,KP2_T2,T2,M3,C1,A,2,numeric_wrong,,answer,False,1,0,0,27.21,24.74
M3_C3_KP1_T3_A_r02,KP1_T3,T3,M3,C3,A,2,numeric_wrong,wrong,answer,False,1,0,0,123.34,122.99
M3_C2_KP2_T1_can_r02,KP2_T1,T1,M3,C2,can,2,correct,,answer,False,1,1,1,71.59,70.89
M1_C3_KP2_T2_A_r02,KP2_T2,T2,M1,C3,A,2,correct,,answer,False,1,1,1,16.19,13.55
M1_C1_KP2_T3_A_r02,KP2_T3,T3,M1,C1,A,2,numeric_wrong,wrong,answer,False,1,0,0,6.83,6.59
M1_C4_KP2_T2_can_r02,KP2_T2,T2,M1,C4,can,2,correct,,answer,False,1,1,1,16.35,14.6
M2_C2_KP2_T2_can_r02,KP2_T2,T2,M2,C2,can,2,numeric_wrong,,answer,False,1,0,0,46.72,45.16
M1_C2_KP2_T3_can_r02,KP2_T3,T3,M1,C2,can,2,correct,strict,answer,False,1,1,1,5.28,4.88
M2_C1_KP2_T3_A_r02,KP2_T3,T3,M2,C1,A,2,correct,strict,answer,False,1,1,1,17.56,17.38
M2_C3_KP2_T2_A_r02,KP2_T2,T2,M2,C3,A,2,correct,,answer,False,1,1,1,40.8,39.51
M1_C3_KP2_T3_A_r02,KP2_T3,T3,M1,C3,A,2,numeric_wrong,wrong,answer,True,1,0,0,10.95,10.63
M2_C2_KP2_T3_can_r02,KP2_T3,T3,M2,C2,can,2,numeric_wrong,wrong,answer,True,1,0,0,19.64,19.15
M3_C2_KP2_T2_can_r02,KP2_T2,T2,M3,C2,can,2,numeric_wrong,,answer,False,1,0,0,81.34,78.74
M3_C3_KP2_T2_A_r02,KP2_T2,T2,M3,C3,A,2,format_failure,,answer,False,0,0,0,66.55,66.51
M3_C1_KP2_T3_A_r02,KP2_T3,T3,M3,C1,A,2,correct,strict,answer,False,1,1,1,51.35,50.8
M2_C4_KP2_T2_can_r02,KP2_T2,T2,M2,C4,can,2,code_error,,answer,False,0,0,0,78.58,65.7
M3_C1_KP1_T1_A_r02,KP1_T1,T1,M3,C1,A,2,correct,,answer,False,1,1,1,142.93,141.66
M1_C4_KP2_T3_can_r02,KP2_T3,T3,M1,C4,can,2,correct,strict,answer,False,1,1,1,6.01,5.52
M2_C3_KP2_T3_A_r02,KP2_T3,T3,M2,C3,A,2,numeric_wrong,wrong,answer,True,1,0,0,26.75,26.57
M3_C2_KP2_T3_can_r02,KP2_T3,T3,M3,C2,can,2,numeric_wrong,wrong,answer,True,1,0,0,43.45,43.04
M2_C4_KP2_T3_can_r02,KP2_T3,T3,M2,C4,can,2,correct,strict,answer,False,1,1,1,9.77,9.42
M1_C1_KP3_T1_A_r02,KP3_T1,T1,M1,C1,A,2,numeric_wrong,,answer,False,1,0,0,11.42,11.26
M1_C2_KP3_T1_can_r02,KP3_T1,T1,M1,C2,can,2,correct,,answer,False,1,1,1,16.2,14.66
M3_C4_KP2_T3_can_r02,KP2_T3,T3,M3,C4,can,2,correct,strict,answer,False,1,1,1,33.6,33.2
M1_C3_KP3_T1_A_r02,KP3_T1,T1,M1,C3,A,2,numeric_wrong,,answer,False,1,0,0,23.7,23.46
M1_C4_KP3_T1_can_r02,KP3_T1,T1,M1,C4,can,2,correct,,answer,False,1,1,1,7.93,6.54
M2_C2_KP3_T1_can_r02,KP3_T1,T1,M2,C2,can,2,correct,,answer,False,1,1,1,36.18,35.5
M3_C3_KP2_T3_A_r02,KP2_T3,T3,M3,C3,A,2,numeric_wrong,wrong,answer,True,1,0,0,62.13,61.88
M3_C3_KP3_T1_A_r02,KP3_T1,T1,M3,C3,A,2,format_failure,,answer,False,0,0,0,13.94,13.92
M3_C4_KP2_T2_can_r02,KP2_T2,T2,M3,C4,can,2,correct,,answer,False,1,1,1,114.11,110.59
M2_C4_KP3_T1_can_r02,KP3_T1,T1,M2,C4,can,2,correct,,answer,False,1,1,1,25.91,25.36
M1_C1_KP3_T2_A_r02,KP3_T2,T2,M1,C1,A,2,numeric_wrong,,answer,False,1,0,0,24.93,23.38
M2_C1_KP3_T1_A_r02,KP3_T1,T1,M2,C1,A,2,correct,,answer,False,1,1,1,76.5,76.11
M1_C2_KP3_T2_can_r02,KP3_T2,T2,M1,C2,can,2,numeric_wrong,,answer,False,1,0,0,16.22,13.43
M2_C3_KP3_T1_A_r02,KP3_T1,T1,M2,C3,A,2,correct,,answer,False,1,1,1,77.51,77.27
M1_C3_KP3_T2_A_r02,KP3_T2,T2,M1,C3,A,2,correct,,answer,False,1,1,1,23.16,21.27
M3_C2_KP3_T1_can_r02,KP3_T1,T1,M3,C2,can,2,correct,,answer,False,1,1,1,120.96,120.64
M3_C1_KP3_T2_A_r02,KP3_T2,T2,M3,C1,A,2,correct,,answer,False,1,1,1,82.08,80.93
M3_C4_KP3_T1_can_r02,KP3_T1,T1,M3,C4,can,2,correct,,answer,False,1,1,1,91.73,91.39
M2_C1_KP3_T2_A_r02,KP3_T2,T2,M2,C1,A,2,correct,,answer,False,1,1,1,96.85,95.28
M1_C4_KP3_T2_can_r02,KP3_T2,T2,M1,C4,can,2,correct,,answer,False,1,1,1,21.79,20.44
M1_C1_KP3_T3_A_r02,KP3_T3,T3,M1,C1,A,2,numeric_wrong,wrong,answer,False,1,0,0,10.6,10.43
M3_C2_KP3_T2_can_r02,KP3_T2,T2,M3,C2,can,2,correct,,answer,False,1,1,1,76.63,74.17
M2_C1_KP3_T3_A_r02,KP3_T3,T3,M2,C1,A,2,numeric_wrong,wrong,answer,False,1,0,0,4.95,4.25
M2_C2_KP3_T2_can_r02,KP3_T2,T2,M2,C2,can,2,correct,,answer,False,1,1,1,97.6,96.32
M1_C2_KP3_T3_can_r02,KP3_T3,T3,M1,C2,can,2,numeric_wrong,wrong,answer,False,1,0,0,17.61,16.39
M1_C3_KP3_T3_A_r02,KP3_T3,T3,M1,C3,A,2,numeric_wrong,wrong,answer,False,1,0,0,10.52,10.06
M2_C4_KP3_T2_can_r02,KP3_T2,T2,M2,C4,can,2,correct,,answer,False,1,1,1,56.56,53.79
M2_C2_KP3_T3_can_r02,KP3_T3,T3,M2,C2,can,2,numeric_wrong,wrong,answer,False,1,0,0,38.76,37.36
M1_C4_KP3_T3_can_r02,KP3_T3,T3,M1,C4,can,2,correct,strict,answer,False,1,1,1,8.76,8.2
M3_C4_KP3_T2_can_r02,KP3_T2,T2,M3,C4,can,2,correct,,answer,False,1,1,1,100.08,98.58
M3_C2_KP3_T3_can_r02,KP3_T3,T3,M3,C2,can,2,numeric_wrong,wrong,answer,True,1,0,0,71.56,70.84
M1_C1_KP4_T1_A_r02,KP4_T1,T1,M1,C1,A,2,numeric_wrong,,answer,False,1,0,0,10.41,9.34
M2_C4_KP3_T3_can_r02,KP3_T3,T3,M2,C4,can,2,correct,strict,answer,False,1,1,1,57.17,56.2
M2_C3_KP3_T2_A_r02,KP3_T2,T2,M2,C3,A,2,numeric_wrong,,answer,False,1,0,0,191.23,188.57
M3_C1_KP3_T1_A_r02,KP3_T1,T1,M3,C1,A,2,numeric_wrong,,answer,False,1,0,0,288.55,287.07
M3_C1_KP4_T1_A_r02,KP4_T1,T1,M3,C1,A,2,numeric_wrong,,answer,False,1,0,0,37.03,36.54
M2_C3_KP3_T3_A_r02,KP3_T3,T3,M2,C3,A,2,numeric_wrong,wrong,answer,True,1,0,0,116.75,115.1
M1_C2_KP4_T1_can_r02,KP4_T1,T1,M1,C2,can,2,numeric_wrong,,answer,False,1,0,0,14.53,11.11
M1_C3_KP4_T1_A_r02,KP4_T1,T1,M1,C3,A,2,numeric_wrong,,answer,False,1,0,0,13.83,12.54
M3_C4_KP3_T3_can_r02,KP3_T3,T3,M3,C4,can,2,correct,strict,answer,False,1,1,1,76.18,75.75
M3_C3_KP3_T2_A_r02,KP3_T2,T2,M3,C3,A,2,correct,,answer,False,1,1,1,214.99,211.98
M1_C4_KP4_T1_can_r02,KP4_T1,T1,M1,C4,can,2,numeric_wrong,,answer,False,1,0,0,12.1,10.71
M3_C3_KP3_T3_A_r02,KP3_T3,T3,M3,C3,A,2,numeric_wrong,wrong,answer,False,1,0,0,136.2,135.75
M3_C2_KP4_T1_can_r02,KP4_T1,T1,M3,C2,can,2,correct,,answer,False,1,1,1,38.85,37.56
M2_C4_KP4_T1_can_r02,KP4_T1,T1,M2,C4,can,2,correct,,answer,False,1,1,1,16.98,15.83
M3_C4_KP4_T1_can_r02,KP4_T1,T1,M3,C4,can,2,correct,,answer,False,1,1,1,15.52,13.2
M1_C1_KP4_T2_A_r02,KP4_T2,T2,M1,C1,A,2,correct,,answer,False,1,1,1,19.72,13.13
M1_C2_KP4_T2_can_r02,KP4_T2,T2,M1,C2,can,2,correct,,answer,False,1,1,1,11.13,7.77
M2_C3_KP4_T1_A_r02,KP4_T1,T1,M2,C3,A,2,numeric_wrong,,answer,False,1,0,0,54.27,52.16
M1_C3_KP4_T2_A_r02,KP4_T2,T2,M1,C3,A,2,format_failure,,answer,False,0,0,0,2.23,2.21
M2_C2_KP4_T1_can_r02,KP4_T1,T1,M2,C2,can,2,correct,,answer,False,1,1,1,77.41,69.99
M3_C1_KP4_T2_A_r02,KP4_T2,T2,M3,C1,A,2,correct,,answer,False,1,1,1,45.04,36.01
M3_C3_KP4_T1_A_r02,KP4_T1,T1,M3,C3,A,2,numeric_wrong,,answer,False,1,0,0,61.08,60.4
M2_C2_KP4_T2_can_r02,KP4_T2,T2,M2,C2,can,2,correct,,answer,False,1,1,1,44.09,37.86
M1_C4_KP4_T2_can_r02,KP4_T2,T2,M1,C4,can,2,correct,,answer,False,1,1,1,20.75,12.67
M1_C1_KP4_T3_A_r02,KP4_T3,T3,M1,C1,A,2,numeric_wrong,wrong,answer,False,1,0,0,13.06,12.37
M3_C3_KP4_T2_A_r02,KP4_T2,T2,M3,C3,A,2,correct,,answer,False,1,1,1,45.31,34.53
M2_C3_KP4_T2_A_r02,KP4_T2,T2,M2,C3,A,2,numeric_wrong,,answer,False,1,0,0,53.57,46.62
M1_C2_KP4_T3_can_r02,KP4_T3,T3,M1,C2,can,2,correct,strict,answer,False,1,1,1,18.64,9.41
M2_C4_KP4_T2_can_r02,KP4_T2,T2,M2,C4,can,2,correct,,answer,False,1,1,1,48.46,42.06
M2_C1_KP4_T2_A_r02,KP4_T2,T2,M2,C1,A,2,correct,,answer,False,1,1,1,91.57,82.64
M1_C3_KP4_T3_A_r02,KP4_T3,T3,M1,C3,A,2,defensible,defensible,answer,True,1,0,1,15.69,12.74
M3_C1_KP4_T3_A_r02,KP4_T3,T3,M3,C1,A,2,numeric_wrong,wrong,answer,False,1,0,0,35.99,35.61
M2_C2_KP4_T3_can_r02,KP4_T3,T3,M2,C2,can,2,defensible,defensible,answer,True,1,0,1,30.57,28.2
M2_C1_KP4_T3_A_r02,KP4_T3,T3,M2,C1,A,2,numeric_wrong,wrong,answer,False,1,0,0,46.58,46.35
M3_C4_KP4_T2_can_r02,KP4_T2,T2,M3,C4,can,2,correct,,answer,False,1,1,1,73.79,69.4
M1_C4_KP4_T3_can_r02,KP4_T3,T3,M1,C4,can,2,correct,strict,answer,False,1,1,1,11.3,9.4
M1_C1_KP5_T1_A_r02,KP5_T1,T1,M1,C1,A,2,numeric_wrong,,answer,False,1,0,0,9.13,8.83
M2_C4_KP4_T3_can_r02,KP4_T3,T3,M2,C4,can,2,correct,strict,answer,False,1,1,1,26.15,24.87
M2_C1_KP4_T1_A_r02,KP4_T1,T1,M2,C1,A,2,numeric_wrong,,answer,False,1,0,0,219.28,219.1
M2_C3_KP4_T3_A_r02,KP4_T3,T3,M2,C3,A,2,defensible,defensible,answer,True,1,0,1,50.05,46.86
M1_C2_KP5_T1_can_r02,KP5_T1,T1,M1,C2,can,2,numeric_wrong,,answer,False,1,0,0,20.32,10.71
M3_C3_KP4_T3_A_r02,KP4_T3,T3,M3,C3,A,2,numeric_wrong,wrong,answer,False,1,0,0,50.55,48.87
M1_C3_KP5_T1_A_r02,KP5_T1,T1,M1,C3,A,2,numeric_wrong,,answer,False,1,0,0,10.6,8.95
M3_C4_KP4_T3_can_r02,KP4_T3,T3,M3,C4,can,2,correct,strict,answer,False,1,1,1,64.63,62.19
M2_C2_KP5_T1_can_r02,KP5_T1,T1,M2,C2,can,2,correct,,answer,False,1,1,1,43.74,36.06
M1_C4_KP5_T1_can_r02,KP5_T1,T1,M1,C4,can,2,correct,,answer,False,1,1,1,8.81,5.69
M2_C4_KP5_T1_can_r02,KP5_T1,T1,M2,C4,can,2,code_error,,answer,False,0,0,0,13.14,10.09
M3_C4_KP5_T1_can_r02,KP5_T1,T1,M3,C4,can,2,correct,,answer,False,1,1,1,9.5,7.98
M2_C1_KP5_T1_A_r02,KP5_T1,T1,M2,C1,A,2,correct,,answer,False,1,1,1,86.19,85.73
M2_C3_KP5_T1_A_r02,KP5_T1,T1,M2,C3,A,2,correct,,answer,False,1,1,1,53.48,51.11
M1_C1_KP5_T2_A_r02,KP5_T2,T2,M1,C1,A,2,numeric_wrong,,answer,False,1,0,0,14.14,10.24
M3_C2_KP5_T1_can_r02,KP5_T1,T1,M3,C2,can,2,code_error,,answer,False,0,0,0,72.4,70.02
M1_C2_KP5_T2_can_r02,KP5_T2,T2,M1,C2,can,2,numeric_wrong,,answer,False,1,0,0,15.75,13.31
M3_C1_KP5_T1_A_r02,KP5_T1,T1,M3,C1,A,2,numeric_wrong,,answer,False,1,0,0,95.62,95.44
M1_C3_KP5_T2_A_r02,KP5_T2,T2,M1,C3,A,2,numeric_wrong,,answer,False,1,0,0,15.92,13.64
M2_C1_KP5_T2_A_r02,KP5_T2,T2,M2,C1,A,2,code_error,,answer,False,0,0,0,48.07,46.0
M3_C2_KP4_T2_can_r02,KP4_T2,T2,M3,C2,can,2,format_failure,,answer,False,0,0,0,254.3,254.29
M3_C3_KP5_T1_A_r02,KP5_T1,T1,M3,C3,A,2,numeric_wrong,,answer,False,1,0,0,97.49,97.0
M2_C3_KP5_T2_A_r02,KP5_T2,T2,M2,C3,A,2,correct,,answer,False,1,1,1,34.21,29.36
M2_C2_KP5_T2_can_r02,KP5_T2,T2,M2,C2,can,2,correct,,answer,False,1,1,1,62.6,58.3
M1_C4_KP5_T2_can_r02,KP5_T2,T2,M1,C4,can,2,correct,,answer,False,1,1,1,18.71,12.26
M1_C1_KP5_T3_A_r02,KP5_T3,T3,M1,C1,A,2,correct,strict,answer,False,1,1,1,5.43,5.15
M2_C1_KP5_T3_A_r02,KP5_T3,T3,M2,C1,A,2,numeric_wrong,wrong,answer,False,1,0,0,4.92,4.66
M3_C1_KP3_T3_A_r02,KP3_T3,T3,M3,C1,A,2,numeric_wrong,wrong,answer,False,1,0,0,155.43,155.08
M1_C2_KP5_T3_can_r02,KP5_T3,T3,M1,C2,can,2,numeric_wrong,wrong,answer,False,1,0,0,7.95,4.94
M3_C1_KP5_T2_A_r02,KP5_T2,T2,M3,C1,A,2,code_error,,answer,False,0,0,0,88.39,88.09
M1_C3_KP5_T3_A_r02,KP5_T3,T3,M1,C3,A,2,numeric_wrong,wrong,answer,False,1,0,0,7.11,6.64
M3_C4_KP5_T2_can_r02,KP5_T2,T2,M3,C4,can,2,correct,,answer,False,1,1,1,41.68,36.57
M3_C1_KP5_T3_A_r02,KP5_T3,T3,M3,C1,A,2,correct,strict,answer,False,1,1,1,32.43,31.88
M2_C3_KP5_T3_A_r02,KP5_T3,T3,M2,C3,A,2,numeric_wrong,wrong,answer,False,1,0,0,9.22,8.9
M1_C4_KP5_T3_can_r02,KP5_T3,T3,M1,C4,can,2,correct,strict,answer,False,1,1,1,7.45,5.22
M2_C4_KP5_T2_can_r02,KP5_T2,T2,M2,C4,can,2,correct,,answer,False,1,1,1,66.17,64.02
M3_C4_KP5_T3_can_r02,KP5_T3,T3,M3,C4,can,2,correct,strict,answer,False,1,1,1,20.86,19.71
M3_C2_KP5_T2_can_r02,KP5_T2,T2,M3,C2,can,2,correct,,answer,False,1,1,1,119.16,113.3
M2_C4_KP5_T3_can_r02,KP5_T3,T3,M2,C4,can,2,correct,strict,answer,False,1,1,1,27.42,25.49
M1_C1_KP6_T1_A_r02,KP6_T1,T1,M1,C1,A,2,code_error,,answer,False,0,0,0,14.5,14.06
M3_C2_KP5_T3_can_r02,KP5_T3,T3,M3,C2,can,2,correct,strict,answer,False,1,1,1,63.16,62.19
M3_C3_KP5_T3_A_r02,KP5_T3,T3,M3,C3,A,2,numeric_wrong,wrong,answer,False,1,0,0,42.88,42.52
M1_C2_KP6_T1_can_r02,KP6_T1,T1,M1,C2,can,2,numeric_wrong,,answer,False,1,0,0,14.03,12.18
M1_C3_KP6_T1_A_r02,KP6_T1,T1,M1,C3,A,2,code_error,,answer,False,0,0,0,15.56,15.35
M3_C3_KP5_T2_A_r02,KP5_T2,T2,M3,C3,A,2,numeric_wrong,,answer,False,1,0,0,118.07,115.48
M2_C2_KP5_T3_can_r02,KP5_T3,T3,M2,C2,can,2,correct,strict,answer,False,1,1,1,90.97,89.21
M1_C4_KP6_T1_can_r02,KP6_T1,T1,M1,C4,can,2,correct,,answer,False,1,1,1,12.76,11.14
M2_C2_KP6_T1_can_r02,KP6_T1,T1,M2,C2,can,2,correct,,answer,False,1,1,1,39.01,37.16
M2_C1_KP6_T1_A_r02,KP6_T1,T1,M2,C1,A,2,format_failure,,answer,False,1,0,0,56.06,55.6
M1_C1_KP6_T2_A_r02,KP6_T2,T2,M1,C1,A,2,numeric_wrong,,answer,False,1,0,0,15.94,13.11
M2_C4_KP6_T1_can_r02,KP6_T1,T1,M2,C4,can,2,correct,,answer,False,1,1,1,32.45,30.22
M2_C1_KP6_T2_A_r02,KP6_T2,T2,M2,C1,A,2,code_error,,answer,False,0,0,0,26.79,24.66
M1_C2_KP6_T2_can_r02,KP6_T2,T2,M1,C2,can,2,numeric_wrong,,answer,False,1,0,0,16.31,13.21
M3_C4_KP6_T1_can_r02,KP6_T1,T1,M3,C4,can,2,correct,,answer,False,1,1,1,46.15,44.47
M1_C3_KP6_T2_A_r02,KP6_T2,T2,M1,C3,A,2,numeric_wrong,,answer,False,1,0,0,17.6,15.91
M3_C2_KP6_T1_can_r02,KP6_T1,T1,M3,C2,can,2,correct,,answer,False,1,1,1,94.13,93.21
M3_C2_KP6_T2_can_r02,KP6_T2,T2,M3,C2,can,2,correct,,answer,False,1,1,1,32.23,28.78
M1_C4_KP6_T2_can_r02,KP6_T2,T2,M1,C4,can,2,numeric_wrong,,answer,False,1,0,0,13.65,11.96
M2_C3_KP6_T1_A_r02,KP6_T1,T1,M2,C3,A,2,numeric_wrong,,answer,False,1,0,0,113.7,111.87
M2_C3_KP6_T2_A_r02,KP6_T2,T2,M2,C3,A,2,format_failure,,answer,False,1,0,0,30.77,27.86
M3_C3_KP6_T1_A_r02,KP6_T1,T1,M3,C3,A,2,numeric_wrong,,answer,False,1,0,0,109.46,107.44
M3_C1_KP6_T1_A_r02,KP6_T1,T1,M3,C1,A,2,numeric_wrong,,answer,False,1,0,0,138.7,136.55
M1_C1_KP6_T3_A_r02,KP6_T3,T3,M1,C1,A,2,code_error,,answer,False,0,0,0,8.77,8.22
M2_C2_KP6_T2_can_r02,KP6_T2,T2,M2,C2,can,2,code_error,,answer,False,0,0,0,72.69,70.23
M1_C2_KP6_T3_can_r02,KP6_T3,T3,M1,C2,can,2,correct,strict,answer,False,1,1,1,11.45,9.58
M2_C4_KP6_T2_can_r02,KP6_T2,T2,M2,C4,can,2,correct,,answer,False,1,1,1,55.17,53.2
M1_C3_KP6_T3_A_r02,KP6_T3,T3,M1,C3,A,2,code_error,,answer,False,0,0,0,11.11,9.17
M3_C3_KP6_T2_A_r02,KP6_T2,T2,M3,C3,A,2,code_error,,answer,False,0,0,0,88.09,86.44
M2_C3_KP6_T3_A_r02,KP6_T3,T3,M2,C3,A,2,format_failure,,answer,False,0,0,0,11.17,11.02
M1_C4_KP6_T3_can_r02,KP6_T3,T3,M1,C4,can,2,correct,strict,answer,False,1,1,1,8.41,5.62
M2_C1_KP6_T3_A_r02,KP6_T3,T3,M2,C1,A,2,numeric_wrong,wrong,answer,False,1,0,0,72.47,72.22
M3_C1_KP6_T2_A_r02,KP6_T2,T2,M3,C1,A,2,code_error,,answer,False,0,0,0,147.42,147.22
M2_C4_KP6_T3_can_r02,KP6_T3,T3,M2,C4,can,2,correct,strict,answer,False,1,1,1,21.42,20.3
M2_C2_KP6_T3_can_r02,KP6_T3,T3,M2,C2,can,2,correct,strict,answer,False,1,1,1,80.39,77.54
M1_C1_KP1_T1_A_r03,KP1_T1,T1,M1,C1,A,3,numeric_wrong,,answer,False,1,0,0,24.12,21.78
M1_C2_KP1_T1_can_r03,KP1_T1,T1,M1,C2,can,3,correct,,answer,False,1,1,1,7.55,5.95
M3_C4_KP6_T2_can_r02,KP6_T2,T2,M3,C4,can,2,correct,,answer,False,1,1,1,115.09,107.87
M3_C4_KP6_T3_can_r02,KP6_T3,T3,M3,C4,can,2,correct,strict,answer,False,1,1,1,32.06,30.09
M3_C3_KP6_T3_A_r02,KP6_T3,T3,M3,C3,A,2,code_error,,answer,False,0,0,0,54.83,53.44
M3_C1_KP6_T3_A_r02,KP6_T3,T3,M3,C1,A,2,code_error,,answer,False,0,0,0,111.81,109.45
M2_C2_KP1_T1_can_r03,KP1_T1,T1,M2,C2,can,3,correct,,answer,False,1,1,1,20.17,18.17
M1_C3_KP1_T1_A_r03,KP1_T1,T1,M1,C3,A,3,numeric_wrong,,answer,False,1,0,0,20.61,18.93
M1_C4_KP1_T1_can_r03,KP1_T1,T1,M1,C4,can,3,correct,,answer,False,1,1,1,9.36,7.23
M3_C2_KP1_T1_can_r03,KP1_T1,T1,M3,C2,can,3,correct,,answer,False,1,1,1,35.86,34.75
M2_C4_KP1_T1_can_r03,KP1_T1,T1,M2,C4,can,3,correct,,answer,False,1,1,1,20.89,19.85
M1_C1_KP1_T2_A_r03,KP1_T2,T2,M1,C1,A,3,numeric_wrong,,answer,False,1,0,0,19.88,17.75
M3_C4_KP1_T1_can_r03,KP1_T1,T1,M3,C4,can,3,correct,,answer,False,1,1,1,32.65,30.56
M1_C2_KP1_T2_can_r03,KP1_T2,T2,M1,C2,can,3,correct,,answer,False,1,1,1,22.31,20.38
M2_C1_KP1_T1_A_r03,KP1_T1,T1,M2,C1,A,3,correct,,answer,False,1,1,1,93.96,92.44
M2_C1_KP1_T2_A_r03,KP1_T2,T2,M2,C1,A,3,correct,,answer,False,1,1,1,46.03,44.94
M1_C3_KP1_T2_A_r03,KP1_T2,T2,M1,C3,A,3,format_failure,,answer,False,0,0,0,14.49,14.47
M3_C2_KP4_T3_can_r02,KP4_T3,T3,M3,C2,can,2,defensible,defensible,answer,True,1,0,1,278.31,277.3
M3_C1_KP1_T1_A_r03,KP1_T1,T1,M3,C1,A,3,correct,,answer,False,1,1,1,113.05,111.36
M1_C4_KP1_T2_can_r03,KP1_T2,T2,M1,C4,can,3,correct,,answer,False,1,1,1,14.13,12.4
M3_C1_KP1_T2_A_r03,KP1_T2,T2,M3,C1,A,3,correct,,answer,False,1,1,1,87.06,85.51
M1_C1_KP1_T3_A_r03,KP1_T3,T3,M1,C1,A,3,numeric_wrong,wrong,answer,False,1,0,0,10.94,10.62
M2_C1_KP1_T3_A_r03,KP1_T3,T3,M2,C1,A,3,correct,strict,answer,False,1,1,1,11.06,10.55
M2_C2_KP1_T2_can_r03,KP1_T2,T2,M2,C2,can,3,correct,,answer,False,1,1,1,107.24,105.12
M2_C4_KP1_T2_can_r03,KP1_T2,T2,M2,C4,can,3,correct,,answer,False,1,1,1,66.52,59.69
M1_C2_KP1_T3_can_r03,KP1_T3,T3,M1,C2,can,3,correct,strict,answer,False,1,1,1,7.63,7.12
M2_C3_KP1_T2_A_r03,KP1_T2,T2,M2,C3,A,3,correct,,answer,False,1,1,1,92.41,89.87
M2_C3_KP1_T1_A_r03,KP1_T1,T1,M2,C3,A,3,format_failure,,answer,False,1,0,0,168.23,167.93
M1_C3_KP1_T3_A_r03,KP1_T3,T3,M1,C3,A,3,correct,strict,answer,False,1,1,1,11.46,10.15
M3_C2_KP1_T2_can_r03,KP1_T2,T2,M3,C2,can,3,correct,,answer,False,1,1,1,125.27,121.54
M2_C2_KP1_T3_can_r03,KP1_T3,T3,M2,C2,can,3,format_failure,,answer,False,1,0,0,25.81,24.41
M2_C3_KP1_T3_A_r03,KP1_T3,T3,M2,C3,A,3,correct,strict,answer,False,1,1,1,12.57,11.94
M1_C4_KP1_T3_can_r03,KP1_T3,T3,M1,C4,can,3,correct,strict,answer,False,1,1,1,7.53,6.74
M1_C1_KP2_T1_A_r03,KP2_T1,T1,M1,C1,A,3,numeric_wrong,,answer,False,1,0,0,8.6,8.25
M3_C4_KP1_T2_can_r03,KP1_T2,T2,M3,C4,can,3,correct,,answer,False,1,1,1,93.66,91.03
M2_C4_KP1_T3_can_r03,KP1_T3,T3,M2,C4,can,3,correct,strict,answer,False,1,1,1,16.29,15.61
M3_C2_KP1_T3_can_r03,KP1_T3,T3,M3,C2,can,3,correct,strict,answer,False,1,1,1,43.71,42.97
M1_C2_KP2_T1_can_r03,KP2_T1,T1,M1,C2,can,3,correct,,answer,False,1,1,1,8.6,7.59
M3_C1_KP1_T3_A_r03,KP1_T3,T3,M3,C1,A,3,numeric_wrong,wrong,answer,False,1,0,0,74.22,73.95
M2_C2_KP2_T1_can_r03,KP2_T1,T1,M2,C2,can,3,correct,,answer,False,1,1,1,14.1,13.65
M3_C1_KP2_T1_A_r03,KP2_T1,T1,M3,C1,A,3,correct,,answer,False,1,1,1,23.58,23.32
M3_C3_KP1_T3_A_r03,KP1_T3,T3,M3,C3,A,3,numeric_wrong,wrong,answer,False,1,0,0,45.98,45.74
M1_C3_KP2_T1_A_r03,KP2_T1,T1,M1,C3,A,3,correct,,answer,False,1,1,1,10.45,10.13
M2_C3_KP2_T1_A_r03,KP2_T1,T1,M2,C3,A,3,format_failure,,answer,False,0,0,0,8.44,8.41
M1_C4_KP2_T1_can_r03,KP2_T1,T1,M1,C4,can,3,correct,,answer,False,1,1,1,7.46,6.89
M2_C1_KP2_T1_A_r03,KP2_T1,T1,M2,C1,A,3,correct,,answer,False,1,1,1,37.32,36.99
M1_C1_KP2_T2_A_r03,KP2_T2,T2,M1,C1,A,3,numeric_wrong,,answer,False,1,0,0,15.06,13.85
M3_C2_KP2_T1_can_r03,KP2_T1,T1,M3,C2,can,3,correct,,answer,False,1,1,1,39.28,38.94
M3_C4_KP1_T3_can_r03,KP1_T3,T3,M3,C4,can,3,correct,strict,answer,False,1,1,1,62.4,62.08
M2_C4_KP2_T1_can_r03,KP2_T1,T1,M2,C4,can,3,correct,,answer,False,1,1,1,23.59,23.11
M3_C3_KP2_T1_A_r03,KP2_T1,T1,M3,C3,A,3,correct,,answer,False,1,1,1,33.99,33.62
M1_C2_KP2_T2_can_r03,KP2_T2,T2,M1,C2,can,3,correct,,answer,False,1,1,1,13.67,11.98
M2_C1_KP2_T2_A_r03,KP2_T2,T2,M2,C1,A,3,correct,,answer,False,1,1,1,28.24,26.47
M3_C3_KP1_T1_A_r03,KP1_T1,T1,M3,C3,A,3,correct,,answer,False,1,1,1,254.1,252.66
M1_C3_KP2_T2_A_r03,KP2_T2,T2,M1,C3,A,3,correct,,answer,False,1,1,1,14.99,13.74
M1_C4_KP2_T2_can_r03,KP2_T2,T2,M1,C4,can,3,correct,,answer,False,1,1,1,13.41,11.35
M3_C4_KP2_T1_can_r03,KP2_T1,T1,M3,C4,can,3,correct,,answer,False,1,1,1,48.53,48.1
M3_C2_KP6_T3_can_r02,KP6_T3,T3,M3,C2,can,2,numeric_wrong,wrong,answer,False,1,0,0,57.64,56.1
M1_C1_KP2_T3_A_r03,KP2_T3,T3,M1,C1,A,3,correct,strict,answer,False,1,1,1,6.98,6.67
M2_C3_KP2_T2_A_r03,KP2_T2,T2,M2,C3,A,3,correct,,answer,False,1,1,1,31.5,29.84
M1_C2_KP2_T3_can_r03,KP2_T3,T3,M1,C2,can,3,correct,strict,answer,False,1,1,1,5.6,4.94
M3_C3_KP1_T2_A_r03,KP1_T2,T2,M3,C3,A,3,correct,,answer,False,1,1,1,214.34,211.92
M3_C1_KP2_T3_A_r03,KP2_T3,T3,M3,C1,A,3,correct,strict,answer,False,1,1,1,14.69,14.36
M2_C1_KP2_T3_A_r03,KP2_T3,T3,M2,C1,A,3,format_failure,,answer,False,0,0,0,17.34,17.32
M2_C2_KP2_T2_can_r03,KP2_T2,T2,M2,C2,can,3,correct,,answer,False,1,1,1,54.52,52.74
M1_C3_KP2_T3_A_r03,KP2_T3,T3,M1,C3,A,3,correct,strict,answer,False,1,1,1,10.49,9.95
M2_C4_KP2_T2_can_r03,KP2_T2,T2,M2,C4,can,3,correct,,answer,False,1,1,1,43.21,40.65
M3_C1_KP2_T2_A_r03,KP2_T2,T2,M3,C1,A,3,numeric_wrong,,answer,False,1,0,0,68.73,65.64
M1_C4_KP2_T3_can_r03,KP2_T3,T3,M1,C4,can,3,correct,strict,answer,False,1,1,1,4.9,4.43
M2_C3_KP2_T3_A_r03,KP2_T3,T3,M2,C3,A,3,numeric_wrong,wrong,answer,True,1,0,0,19.45,19.22
M1_C1_KP3_T1_A_r03,KP3_T1,T1,M1,C1,A,3,numeric_wrong,,answer,False,1,0,0,11.39,11.1
M2_C4_KP2_T3_can_r03,KP2_T3,T3,M2,C4,can,3,correct,strict,answer,False,1,1,1,13.96,12.59
M3_C4_KP2_T2_can_r03,KP2_T2,T2,M3,C4,can,3,correct,,answer,False,1,1,1,50.99,48.47
M1_C2_KP3_T1_can_r03,KP3_T1,T1,M1,C2,can,3,correct,,answer,False,1,1,1,13.4,12.95
M3_C4_KP2_T3_can_r03,KP2_T3,T3,M3,C4,can,3,correct,strict,answer,False,1,1,1,26.76,26.61
M3_C2_KP2_T2_can_r03,KP2_T2,T2,M3,C2,can,3,correct,,answer,False,1,1,1,89.78,88.23
M3_C2_KP2_T3_can_r03,KP2_T3,T3,M3,C2,can,3,numeric_wrong,wrong,answer,True,1,0,0,47.82,47.32
M2_C2_KP2_T3_can_r03,KP2_T3,T3,M2,C2,can,3,format_failure,,answer,False,1,0,0,51.09,50.77
M3_C3_KP2_T2_A_r03,KP2_T2,T2,M3,C3,A,3,correct,,answer,False,1,1,1,89.08,86.64
M1_C4_KP3_T1_can_r03,KP3_T1,T1,M1,C4,can,3,numeric_wrong,,answer,False,1,0,0,9.88,9.3
M2_C3_KP3_T1_A_r03,KP3_T1,T1,M2,C3,A,3,numeric_wrong,,answer,False,1,0,0,23.52,23.25
M1_C3_KP3_T1_A_r03,KP3_T1,T1,M1,C3,A,3,numeric_wrong,,answer,False,1,0,0,28.46,28.22
M2_C4_KP3_T1_can_r03,KP3_T1,T1,M2,C4,can,3,correct,,answer,False,1,1,1,21.01,20.39
M2_C2_KP3_T1_can_r03,KP3_T1,T1,M2,C2,can,3,correct,,answer,False,1,1,1,51.15,50.66
M3_C4_KP3_T1_can_r03,KP3_T1,T1,M3,C4,can,3,correct,,answer,False,1,1,1,24.11,23.74
M3_C3_KP2_T3_A_r03,KP2_T3,T3,M3,C3,A,3,numeric_wrong,wrong,answer,True,1,0,0,79.58,79.32
M1_C1_KP3_T2_A_r03,KP3_T2,T2,M1,C1,A,3,numeric_wrong,,answer,False,1,0,0,26.59,23.5
M2_C1_KP3_T1_A_r03,KP3_T1,T1,M2,C1,A,3,format_failure,,answer,False,1,0,0,71.22,70.98
M1_C2_KP3_T2_can_r03,KP3_T2,T2,M1,C2,can,3,numeric_wrong,,answer,False,1,0,0,15.56,14.17
M3_C1_KP3_T2_A_r03,KP3_T2,T2,M3,C1,A,3,correct,,answer,False,1,1,1,33.59,32.27
M1_C3_KP3_T2_A_r03,KP3_T2,T2,M1,C3,A,3,correct,,answer,False,1,1,1,22.56,21.2
M1_C4_KP3_T2_can_r03,KP3_T2,T2,M1,C4,can,3,correct,,answer,False,1,1,1,17.92,16.66
M3_C2_KP3_T2_can_r03,KP3_T2,T2,M3,C2,can,3,numeric_wrong,,answer,False,1,0,0,46.87,45.29
M1_C1_KP3_T3_A_r03,KP3_T3,T3,M1,C1,A,3,numeric_wrong,wrong,answer,False,1,0,0,8.05,7.7
M2_C1_KP3_T2_A_r03,KP3_T2,T2,M2,C1,A,3,code_error,,answer,False,0,0,0,68.42,67.4
M2_C1_KP3_T3_A_r03,KP3_T3,T3,M2,C1,A,3,format_failure,,answer,False,0,0,0,3.02,2.99
M1_C2_KP3_T3_can_r03,KP3_T3,T3,M1,C2,can,3,numeric_wrong,wrong,answer,False,1,0,0,13.46,12.82
M2_C4_KP3_T2_can_r03,KP3_T2,T2,M2,C4,can,3,correct,,answer,False,1,1,1,55.75,54.82
M3_C2_KP3_T1_can_r03,KP3_T1,T1,M3,C2,can,3,correct,,answer,False,1,1,1,134.39,133.97
M2_C3_KP3_T2_A_r03,KP3_T2,T2,M2,C3,A,3,correct,,answer,False,1,1,1,83.04,81.75
M3_C2_KP3_T3_can_r03,KP3_T3,T3,M3,C2,can,3,format_failure,,answer,False,0,0,0,18.26,18.25
M1_C3_KP3_T3_A_r03,KP3_T3,T3,M1,C3,A,3,numeric_wrong,wrong,answer,False,1,0,0,10.77,10.44
M3_C4_KP3_T2_can_r03,KP3_T2,T2,M3,C4,can,3,correct,,answer,False,1,1,1,72.99,71.5
M1_C4_KP3_T3_can_r03,KP3_T3,T3,M1,C4,can,3,correct,strict,answer,False,1,1,1,7.6,7.21
M2_C3_KP3_T3_A_r03,KP3_T3,T3,M2,C3,A,3,numeric_wrong,wrong,answer,False,1,0,0,22.33,22.15
M2_C2_KP3_T3_can_r03,KP3_T3,T3,M2,C2,can,3,numeric_wrong,wrong,answer,False,1,0,0,55.09,54.67
M1_C1_KP4_T1_A_r03,KP4_T1,T1,M1,C1,A,3,numeric_wrong,,answer,False,1,0,0,12.77,11.87
M2_C4_KP3_T3_can_r03,KP3_T3,T3,M2,C4,can,3,correct,strict,answer,False,1,1,1,35.78,35.45
M3_C1_KP3_T1_A_r03,KP3_T1,T1,M3,C1,A,3,format_failure,,answer,False,0,0,0,200.37,200.36
M2_C2_KP3_T2_can_r03,KP3_T2,T2,M2,C2,can,3,code_error,,answer,False,0,0,0,153.4,152.07
M3_C1_KP4_T1_A_r03,KP4_T1,T1,M3,C1,A,3,correct,,answer,False,1,1,1,28.85,26.74
M1_C2_KP4_T1_can_r03,KP4_T1,T1,M1,C2,can,3,numeric_wrong,,answer,False,1,0,0,10.97,9.78
M3_C4_KP3_T3_can_r03,KP3_T3,T3,M3,C4,can,3,correct,strict,answer,False,1,1,1,54.28,53.81
M2_C2_KP4_T1_can_r03,KP4_T1,T1,M2,C2,can,3,correct,,answer,False,1,1,1,24.46,23.11
M1_C3_KP4_T1_A_r03,KP4_T1,T1,M1,C3,A,3,numeric_wrong,,answer,False,1,0,0,16.95,15.31
M1_C4_KP4_T1_can_r03,KP4_T1,T1,M1,C4,can,3,numeric_wrong,,answer,False,1,0,0,11.63,10.72
M2_C4_KP4_T1_can_r03,KP4_T1,T1,M2,C4,can,3,correct,,answer,False,1,1,1,21.96,20.76
M3_C2_KP4_T1_can_r03,KP4_T1,T1,M3,C2,can,3,correct,,answer,False,1,1,1,43.19,42.22
M1_C1_KP4_T2_A_r03,KP4_T2,T2,M1,C1,A,3,correct,,answer,False,1,1,1,15.64,13.62
M3_C1_KP3_T3_A_r03,KP3_T3,T3,M3,C1,A,3,numeric_wrong,wrong,answer,False,1,0,0,152.7,152.3
M3_C3_KP3_T3_A_r03,KP3_T3,T3,M3,C3,A,3,numeric_wrong,wrong,answer,False,1,0,0,108.14,107.78
M2_C1_KP4_T2_A_r03,KP4_T2,T2,M2,C1,A,3,correct,,answer,False,1,1,1,23.0,20.49
M1_C2_KP4_T2_can_r03,KP4_T2,T2,M1,C2,can,3,correct,,answer,False,1,1,1,9.21,7.16
M3_C4_KP4_T1_can_r03,KP4_T1,T1,M3,C4,can,3,correct,,answer,False,1,1,1,45.84,44.44
M1_C3_KP4_T2_A_r03,KP4_T2,T2,M1,C3,A,3,correct,,answer,False,1,1,1,16.29,14.36
M3_C1_KP4_T2_A_r03,KP4_T2,T2,M3,C1,A,3,correct,,answer,False,1,1,1,41.62,40.19
M3_C3_KP4_T1_A_r03,KP4_T1,T1,M3,C3,A,3,numeric_wrong,,answer,False,1,0,0,80.96,80.82
M2_C3_KP4_T2_A_r03,KP4_T2,T2,M2,C3,A,3,correct,,answer,False,1,1,1,35.0,33.19
M1_C4_KP4_T2_can_r03,KP4_T2,T2,M1,C4,can,3,correct,,answer,False,1,1,1,14.6,13.19
M2_C2_KP4_T2_can_r03,KP4_T2,T2,M2,C2,can,3,correct,,answer,False,1,1,1,55.76,53.32
M3_C3_KP3_T2_A_r03,KP3_T2,T2,M3,C3,A,3,correct,,answer,False,1,1,1,254.03,252.3
M1_C1_KP4_T3_A_r03,KP4_T3,T3,M1,C1,A,3,numeric_wrong,wrong,answer,False,1,0,0,7.71,7.27
M3_C2_KP4_T2_can_r03,KP4_T2,T2,M3,C2,can,3,correct,,answer,False,1,1,1,58.85,56.21
M1_C2_KP4_T3_can_r03,KP4_T3,T3,M1,C2,can,3,correct,strict,answer,False,1,1,1,11.3,10.14
M3_C3_KP4_T2_A_r03,KP4_T2,T2,M3,C3,A,3,correct,,answer,False,1,1,1,58.54,57.02
M1_C3_KP4_T3_A_r03,KP4_T3,T3,M1,C3,A,3,defensible,defensible,answer,True,1,0,1,14.08,12.71
M2_C1_KP4_T3_A_r03,KP4_T3,T3,M2,C1,A,3,format_failure,,answer,False,0,0,0,46.49,46.47
M2_C4_KP4_T2_can_r03,KP4_T2,T2,M2,C4,can,3,correct,,answer,False,1,1,1,67.07,64.87
M1_C4_KP4_T3_can_r03,KP4_T3,T3,M1,C4,can,3,correct,strict,answer,False,1,1,1,10.17,8.91
M3_C2_KP4_T3_can_r03,KP4_T3,T3,M3,C2,can,3,defensible,defensible,answer,True,1,0,1,54.29,53.21
M2_C3_KP4_T1_A_r03,KP4_T1,T1,M2,C3,A,3,numeric_wrong,,answer,False,1,0,0,174.4,174.21
M1_C1_KP5_T1_A_r03,KP5_T1,T1,M1,C1,A,3,numeric_wrong,,answer,False,1,0,0,7.33,7.05
M2_C1_KP4_T1_A_r03,KP4_T1,T1,M2,C1,A,3,format_failure,,answer,False,1,0,0,213.95,213.62
M2_C2_KP4_T3_can_r03,KP4_T3,T3,M2,C2,can,3,defensible,defensible,answer,True,1,0,1,71.02,69.91
M3_C4_KP4_T2_can_r03,KP4_T2,T2,M3,C4,can,3,correct,,answer,False,1,1,1,87.4,85.49
M1_C2_KP5_T1_can_r03,KP5_T1,T1,M1,C2,can,3,correct,,answer,False,1,1,1,8.69,7.03
M3_C1_KP5_T1_A_r03,KP5_T1,T1,M3,C1,A,3,correct,,answer,False,1,1,1,14.38,14.12
M2_C4_KP4_T3_can_r03,KP4_T3,T3,M2,C4,can,3,code_error,,answer,False,0,0,0,42.96,41.84
M1_C3_KP5_T1_A_r03,KP5_T1,T1,M1,C3,A,3,numeric_wrong,,answer,False,1,0,0,10.63,10.44
M2_C1_KP5_T1_A_r03,KP5_T1,T1,M2,C1,A,3,correct,,answer,False,1,1,1,28.41,27.09
M1_C4_KP5_T1_can_r03,KP5_T1,T1,M1,C4,can,3,correct,,answer,False,1,1,1,6.44,4.99
M2_C2_KP5_T1_can_r03,KP5_T1,T1,M2,C2,can,3,correct,,answer,False,1,1,1,42.34,41.47
M3_C2_KP5_T1_can_r03,KP5_T1,T1,M3,C2,can,3,correct,,answer,False,1,1,1,40.21,39.39
M2_C4_KP5_T1_can_r03,KP5_T1,T1,M2,C4,can,3,correct,,answer,False,1,1,1,22.26,20.97
M3_C4_KP5_T1_can_r03,KP5_T1,T1,M3,C4,can,3,correct,,answer,False,1,1,1,13.76,12.91
M1_C1_KP5_T2_A_r03,KP5_T2,T2,M1,C1,A,3,numeric_wrong,,answer,False,1,0,0,13.22,11.73
M2_C3_KP5_T1_A_r03,KP5_T1,T1,M2,C3,A,3,format_failure,,answer,False,1,0,0,40.38,40.19
M1_C2_KP5_T2_can_r03,KP5_T2,T2,M1,C2,can,3,correct,,answer,False,1,1,1,15.65,14.14
M3_C3_KP5_T1_A_r03,KP5_T1,T1,M3,C3,A,3,numeric_wrong,,answer,False,1,0,0,49.79,49.65
M1_C3_KP5_T2_A_r03,KP5_T2,T2,M1,C3,A,3,numeric_wrong,,answer,False,1,0,0,12.93,10.93
M2_C3_KP4_T3_A_r03,KP4_T3,T3,M2,C3,A,3,defensible,defensible,answer,True,1,0,1,133.18,132.65
M2_C1_KP5_T2_A_r03,KP5_T2,T2,M2,C1,A,3,correct,,answer,False,1,1,1,54.47,52.64
M3_C4_KP4_T3_can_r03,KP4_T3,T3,M3,C4,can,3,correct,strict,answer,False,1,1,1,117.66,116.63
M2_C2_KP5_T2_can_r03,KP5_T2,T2,M2,C2,can,3,code_error,,answer,False,0,0,0,50.47,48.25
M1_C4_KP5_T2_can_r03,KP5_T2,T2,M1,C4,can,3,correct,,answer,False,1,1,1,13.91,11.74
M3_C1_KP5_T2_A_r03,KP5_T2,T2,M3,C1,A,3,numeric_wrong,,answer,False,1,0,0,63.32,59.32
M3_C3_KP3_T1_A_r03,KP3_T1,T1,M3,C3,A,3,format_failure,,answer,False,0,0,0,184.43,184.39
M1_C1_KP5_T3_A_r03,KP5_T3,T3,M1,C1,A,3,correct,strict,answer,False,1,1,1,5.47,4.98
M3_C2_KP5_T2_can_r03,KP5_T2,T2,M3,C2,can,3,format_failure,,answer,False,1,0,0,52.19,48.69
M2_C3_KP5_T2_A_r03,KP5_T2,T2,M2,C3,A,3,correct,,answer,False,1,1,1,40.07,37.78
M1_C2_KP5_T3_can_r03,KP5_T3,T3,M1,C2,can,3,numeric_wrong,wrong,answer,False,1,0,0,5.79,4.79
M2_C2_KP5_T3_can_r03,KP5_T3,T3,M2,C2,can,3,correct,strict,answer,False,1,1,1,11.42,9.79
M1_C3_KP5_T3_A_r03,KP5_T3,T3,M1,C3,A,3,correct,strict,answer,False,1,1,1,8.96,8.57
M2_C1_KP5_T3_A_r03,KP5_T3,T3,M2,C1,A,3,correct,strict,answer,False,1,1,1,21.73,21.37
M1_C4_KP5_T3_can_r03,KP5_T3,T3,M1,C4,can,3,correct,strict,answer,False,1,1,1,7.5,6.02
M3_C3_KP5_T3_A_r03,KP5_T3,T3,M3,C3,A,3,numeric_wrong,wrong,answer,False,1,0,0,13.09,12.89
M3_C2_KP5_T3_can_r03,KP5_T3,T3,M3,C2,can,3,correct,strict,answer,False,1,1,1,30.8,29.61
M3_C1_KP5_T3_A_r03,KP5_T3,T3,M3,C1,A,3,correct,strict,answer,False,1,1,1,35.4,35.18
M2_C4_KP5_T3_can_r03,KP5_T3,T3,M2,C4,can,3,correct,strict,answer,False,1,1,1,14.25,12.71
M1_C1_KP6_T1_A_r03,KP6_T1,T1,M1,C1,A,3,code_error,,answer,False,0,0,0,11.38,10.87
M3_C3_KP5_T2_A_r03,KP5_T2,T2,M3,C3,A,3,numeric_wrong,,answer,False,1,0,0,75.44,72.82
M2_C3_KP5_T3_A_r03,KP5_T3,T3,M2,C3,A,3,correct,strict,answer,False,1,1,1,34.17,33.95
M3_C4_KP5_T3_can_r03,KP5_T3,T3,M3,C4,can,3,correct,strict,answer,False,1,1,1,21.18,19.99
M3_C3_KP4_T3_A_r03,KP4_T3,T3,M3,C3,A,3,format_failure,,answer,False,0,0,0,199.42,199.4
M1_C2_KP6_T1_can_r03,KP6_T1,T1,M1,C2,can,3,numeric_wrong,,answer,False,1,0,0,12.26,10.75
M1_C3_KP6_T1_A_r03,KP6_T1,T1,M1,C3,A,3,code_error,,answer,False,0,0,0,16.97,16.69
M2_C4_KP5_T2_can_r03,KP5_T2,T2,M2,C4,can,3,code_error,,answer,False,0,0,0,82.02,79.93
M3_C4_KP5_T2_can_r03,KP5_T2,T2,M3,C4,can,3,correct,,answer,False,1,1,1,78.72,76.92
M2_C1_KP6_T1_A_r03,KP6_T1,T1,M2,C1,A,3,numeric_wrong,,answer,False,1,0,0,37.05,35.66
M1_C4_KP6_T1_can_r03,KP6_T1,T1,M1,C4,can,3,correct,,answer,False,1,1,1,12.27,10.96
M2_C2_KP6_T1_can_r03,KP6_T1,T1,M2,C2,can,3,format_failure,,answer,False,1,0,0,37.1,35.59
M1_C1_KP6_T2_A_r03,KP6_T2,T2,M1,C1,A,3,numeric_wrong,,answer,False,1,0,0,16.41,14.22
M2_C3_KP6_T1_A_r03,KP6_T1,T1,M2,C3,A,3,numeric_wrong,,answer,False,1,0,0,44.55,43.04
M2_C4_KP6_T1_can_r03,KP6_T1,T1,M2,C4,can,3,correct,,answer,False,1,1,1,29.69,28.62
M1_C2_KP6_T2_can_r03,KP6_T2,T2,M1,C2,can,3,correct,,answer,False,1,1,1,14.98,13.12
M3_C4_KP6_T1_can_r03,KP6_T1,T1,M3,C4,can,3,format_failure,,answer,False,0,0,0,30.95,30.93
M1_C3_KP6_T2_A_r03,KP6_T2,T2,M1,C3,A,3,format_failure,,answer,False,1,0,0,19.77,18.54
M3_C1_KP6_T2_A_r03,KP6_T2,T2,M3,C1,A,3,numeric_wrong,,answer,False,1,0,0,35.95,34.48
M2_C3_KP6_T2_A_r03,KP6_T2,T2,M2,C3,A,3,numeric_wrong,,answer,False,1,0,0,26.42,23.75
M1_C4_KP6_T2_can_r03,KP6_T2,T2,M1,C4,can,3,numeric_wrong,,answer,False,1,0,0,14.61,12.1
M3_C2_KP6_T1_can_r03,KP6_T1,T1,M3,C2,can,3,correct,,answer,False,1,1,1,94.21,93.36
M2_C2_KP6_T2_can_r03,KP6_T2,T2,M2,C2,can,3,correct,,answer,False,1,1,1,55.63,53.04
M1_C1_KP6_T3_A_r03,KP6_T3,T3,M1,C1,A,3,code_error,,answer,False,0,0,0,9.38,9.0
M3_C1_KP4_T3_A_r03,KP4_T3,T3,M3,C1,A,3,numeric_wrong,wrong,answer,False,1,0,0,38.85,38.59
M3_C3_KP6_T2_A_r03,KP6_T2,T2,M3,C3,A,3,format_failure,,answer,False,1,0,0,39.12,37.07
M3_C3_KP6_T1_A_r03,KP6_T1,T1,M3,C3,A,3,numeric_wrong,,answer,False,1,0,0,103.33,101.61
M2_C1_KP6_T2_A_r03,KP6_T2,T2,M2,C1,A,3,numeric_wrong,,answer,False,1,0,0,84.17,81.83
M1_C2_KP6_T3_can_r03,KP6_T3,T3,M1,C2,can,3,numeric_wrong,wrong,answer,True,1,0,0,11.6,9.9
M1_C3_KP6_T3_A_r03,KP6_T3,T3,M1,C3,A,3,code_error,,answer,False,0,0,0,11.32,9.96
M3_C2_KP6_T2_can_r03,KP6_T2,T2,M3,C2,can,3,correct,,answer,False,1,1,1,79.64,77.05
M1_C4_KP6_T3_can_r03,KP6_T3,T3,M1,C4,can,3,correct,strict,answer,False,1,1,1,9.39,7.7
M2_C3_KP6_T3_A_r03,KP6_T3,T3,M2,C3,A,3,format_failure,,answer,False,0,0,0,17.4,17.38
M3_C4_KP6_T2_can_r03,KP6_T2,T2,M3,C4,can,3,correct,,answer,False,1,1,1,55.33,52.49
M2_C4_KP6_T2_can_r03,KP6_T2,T2,M2,C4,can,3,format_failure,,answer,False,1,0,0,64.67,61.68
M2_C2_KP6_T3_can_r03,KP6_T3,T3,M2,C2,can,3,correct,strict,answer,False,1,1,1,44.41,43.22
M3_C1_KP6_T1_A_r03,KP6_T1,T1,M3,C1,A,3,numeric_wrong,,answer,False,1,0,0,161.8,160.85
M1_C1_KP1_T1_A_r04,KP1_T1,T1,M1,C1,A,4,numeric_wrong,,answer,False,1,0,0,19.38,17.98
M2_C1_KP6_T3_A_r03,KP6_T3,T3,M2,C1,A,3,code_error,,answer,False,0,0,0,55.63,53.95
M1_C2_KP1_T1_can_r04,KP1_T1,T1,M1,C2,can,4,correct,,answer,False,1,1,1,7.55,5.78
M3_C4_KP6_T3_can_r03,KP6_T3,T3,M3,C4,can,3,correct,strict,answer,False,1,1,1,29.15,27.79
M2_C4_KP6_T3_can_r03,KP6_T3,T3,M2,C4,can,3,correct,strict,answer,False,1,1,1,31.36,29.89
M3_C1_KP1_T1_A_r04,KP1_T1,T1,M3,C1,A,4,correct,,answer,False,1,1,1,20.64,19.19
M3_C1_KP6_T3_A_r03,KP6_T3,T3,M3,C1,A,3,code_error,,answer,False,0,0,0,72.39,71.34
M1_C4_KP1_T1_can_r04,KP1_T1,T1,M1,C4,can,4,correct,,answer,False,1,1,1,7.37,5.42
M1_C3_KP1_T1_A_r04,KP1_T1,T1,M1,C3,A,4,numeric_wrong,,answer,False,1,0,0,20.02,18.69
M2_C2_KP1_T1_can_r04,KP1_T1,T1,M2,C2,can,4,correct,,answer,False,1,1,1,27.92,26.37
M1_C1_KP1_T2_A_r04,KP1_T2,T2,M1,C1,A,4,correct,,answer,False,1,1,1,17.72,16.8
M3_C4_KP1_T1_can_r04,KP1_T1,T1,M3,C4,can,4,correct,,answer,False,1,1,1,21.7,20.91
M3_C3_KP1_T1_A_r04,KP1_T1,T1,M3,C3,A,4,correct,,answer,False,1,1,1,34.1,33.29
M2_C4_KP1_T1_can_r04,KP1_T1,T1,M2,C4,can,4,correct,,answer,False,1,1,1,27.62,25.94
M3_C3_KP6_T3_A_r03,KP6_T3,T3,M3,C3,A,3,code_error,,answer,False,0,0,0,87.42,85.98
M3_C2_KP1_T1_can_r04,KP1_T1,T1,M3,C2,can,4,correct,,answer,False,1,1,1,54.18,53.1
M1_C2_KP1_T2_can_r04,KP1_T2,T2,M1,C2,can,4,correct,,answer,False,1,1,1,16.02,13.7
M1_C3_KP1_T2_A_r04,KP1_T2,T2,M1,C3,A,4,numeric_wrong,,answer,False,1,0,0,20.33,19.08
M1_C4_KP1_T2_can_r04,KP1_T2,T2,M1,C4,can,4,correct,,answer,False,1,1,1,13.74,12.46
M3_C2_KP1_T2_can_r04,KP1_T2,T2,M3,C2,can,4,correct,,answer,False,1,1,1,42.4,41.26
M2_C1_KP1_T2_A_r04,KP1_T2,T2,M2,C1,A,4,correct,,answer,False,1,1,1,67.21,66.21
M2_C3_KP1_T2_A_r04,KP1_T2,T2,M2,C3,A,4,vis_failure,,answer,False,1,0,0,42.38,42.24
M1_C1_KP1_T3_A_r04,KP1_T3,T3,M1,C1,A,4,numeric_wrong,wrong,answer,False,1,0,0,9.59,9.35
M3_C2_KP6_T3_can_r03,KP6_T3,T3,M3,C2,can,3,numeric_wrong,wrong,answer,False,1,0,0,181.3,180.5
M3_C3_KP1_T2_A_r04,KP1_T2,T2,M3,C3,A,4,correct,,answer,False,1,1,1,83.95,82.85
M1_C2_KP1_T3_can_r04,KP1_T3,T3,M1,C2,can,4,correct,strict,answer,False,1,1,1,7.31,6.63
M2_C1_KP1_T3_A_r04,KP1_T3,T3,M2,C1,A,4,correct,strict,answer,False,1,1,1,49.38,49.05
M2_C2_KP1_T2_can_r04,KP1_T2,T2,M2,C2,can,4,code_error,,answer,False,0,0,0,106.06,104.52
M2_C4_KP1_T2_can_r04,KP1_T2,T2,M2,C4,can,4,correct,,answer,False,1,1,1,67.14,65.74
M1_C3_KP1_T3_A_r04,KP1_T3,T3,M1,C3,A,4,numeric_wrong,wrong,answer,False,1,0,0,8.94,8.28
M2_C2_KP1_T3_can_r04,KP1_T3,T3,M2,C2,can,4,correct,strict,answer,False,1,1,1,16.07,15.21
M1_C4_KP1_T3_can_r04,KP1_T3,T3,M1,C4,can,4,correct,strict,answer,False,1,1,1,7.56,6.79
M2_C4_KP1_T3_can_r04,KP1_T3,T3,M2,C4,can,4,correct,strict,answer,False,1,1,1,15.91,14.67
M2_C3_KP1_T3_A_r04,KP1_T3,T3,M2,C3,A,4,format_failure,,answer,False,0,0,0,26.83,26.8
M1_C1_KP2_T1_A_r04,KP2_T1,T1,M1,C1,A,4,numeric_wrong,,answer,False,1,0,0,8.96,8.65
M3_C2_KP1_T3_can_r04,KP1_T3,T3,M3,C2,can,4,correct,strict,answer,False,1,1,1,35.73,35.16
M1_C2_KP2_T1_can_r04,KP2_T1,T1,M1,C2,can,4,correct,,answer,False,1,1,1,8.06,7.6
M3_C1_KP1_T2_A_r04,KP1_T2,T2,M3,C1,A,4,correct,,answer,False,1,1,1,155.06,153.58
M2_C2_KP2_T1_can_r04,KP2_T1,T1,M2,C2,can,4,correct,,answer,False,1,1,1,13.14,12.56
M3_C4_KP1_T3_can_r04,KP1_T3,T3,M3,C4,can,4,correct,strict,answer,False,1,1,1,40.72,40.37
M2_C1_KP2_T1_A_r04,KP2_T1,T1,M2,C1,A,4,numeric_wrong,,answer,False,1,0,0,29.17,28.96
M1_C3_KP2_T1_A_r04,KP2_T1,T1,M1,C3,A,4,correct,,answer,False,1,1,1,10.72,10.51
M1_C4_KP2_T1_can_r04,KP2_T1,T1,M1,C4,can,4,correct,,answer,False,1,1,1,5.73,5.24
M2_C3_KP2_T1_A_r04,KP2_T1,T1,M2,C3,A,4,correct,,answer,False,1,1,1,15.34,15.11
M3_C3_KP2_T1_A_r04,KP2_T1,T1,M3,C3,A,4,correct,,answer,False,1,1,1,19.49,18.97
M3_C3_KP1_T3_A_r04,KP1_T3,T3,M3,C3,A,4,correct,strict,answer,False,1,1,1,75.18,74.99
M3_C2_KP2_T1_can_r04,KP2_T1,T1,M3,C2,can,4,correct,,answer,False,1,1,1,39.18,38.64
M1_C1_KP2_T2_A_r04,KP2_T2,T2,M1,C1,A,4,numeric_wrong,,answer,False,1,0,0,13.38,12.0
M2_C3_KP1_T1_A_r04,KP1_T1,T1,M2,C3,A,4,correct,,answer,False,1,1,1,239.19,238.16
M1_C2_KP2_T2_can_r04,KP2_T2,T2,M1,C2,can,4,correct,,answer,False,1,1,1,16.54,14.72
M2_C1_KP2_T2_A_r04,KP2_T2,T2,M2,C1,A,4,correct,,answer,False,1,1,1,27.48,25.9
M3_C1_KP2_T1_A_r04,KP2_T1,T1,M3,C1,A,4,numeric_wrong,,answer,False,1,0,0,79.67,79.2
M3_C4_KP2_T1_can_r04,KP2_T1,T1,M3,C4,can,4,correct,,answer,False,1,1,1,45.4,45.07
M1_C3_KP2_T2_A_r04,KP2_T2,T2,M1,C3,A,4,correct,,answer,False,1,1,1,13.27,11.89
M2_C1_KP1_T1_A_r04,KP1_T1,T1,M2,C1,A,4,format_failure,,answer,False,0,0,0,282.96,282.94
M3_C1_KP1_T3_A_r04,KP1_T3,T3,M3,C1,A,4,format_failure,,answer,False,0,0,0,169.05,169.03
M1_C4_KP2_T2_can_r04,KP2_T2,T2,M1,C4,can,4,correct,,answer,False,1,1,1,10.28,8.83
M1_C1_KP2_T3_A_r04,KP2_T3,T3,M1,C1,A,4,correct,strict,answer,False,1,1,1,6.89,6.62
M2_C4_KP2_T2_can_r04,KP2_T2,T2,M2,C4,can,4,correct,,answer,False,1,1,1,18.02,14.78
M2_C3_KP2_T2_A_r04,KP2_T2,T2,M2,C3,A,4,correct,,answer,False,1,1,1,29.04,26.91
M1_C2_KP2_T3_can_r04,KP2_T3,T3,M1,C2,can,4,numeric_wrong,wrong,answer,True,1,0,0,9.9,9.14
M2_C2_KP2_T2_can_r04,KP2_T2,T2,M2,C2,can,4,correct,,answer,False,1,1,1,54.5,52.89
M3_C1_KP2_T2_A_r04,KP2_T2,T2,M3,C1,A,4,code_error,,answer,False,0,0,0,76.09,74.42
M2_C1_KP2_T3_A_r04,KP2_T3,T3,M2,C1,A,4,format_failure,,answer,False,1,0,0,37.26,36.98
M2_C2_KP2_T3_can_r04,KP2_T3,T3,M2,C2,can,4,correct,strict,answer,False,1,1,1,23.13,22.81
M1_C3_KP2_T3_A_r04,KP2_T3,T3,M1,C3,A,4,numeric_wrong,wrong,answer,True,1,0,0,12.98,12.68
M1_C4_KP2_T3_can_r04,KP2_T3,T3,M1,C4,can,4,correct,strict,answer,False,1,1,1,6.76,6.06
M3_C2_KP2_T2_can_r04,KP2_T2,T2,M3,C2,can,4,correct,,answer,False,1,1,1,91.4,89.63
M3_C2_KP2_T3_can_r04,KP2_T3,T3,M3,C2,can,4,correct,strict,answer,False,1,1,1,42.89,42.5
M3_C4_KP1_T2_can_r04,KP1_T2,T2,M3,C4,can,4,format_failure,,answer,False,1,0,0,257.59,256.16
M3_C4_KP2_T3_can_r04,KP2_T3,T3,M3,C4,can,4,correct,strict,answer,False,1,1,1,10.56,10.1
M1_C1_KP3_T1_A_r04,KP3_T1,T1,M1,C1,A,4,numeric_wrong,,answer,False,1,0,0,10.13,9.94
M3_C1_KP2_T3_A_r04,KP2_T3,T3,M3,C1,A,4,correct,strict,answer,False,1,1,1,69.78,69.61
M3_C4_KP2_T2_can_r04,KP2_T2,T2,M3,C4,can,4,correct,,answer,False,1,1,1,86.69,84.48
M2_C4_KP2_T3_can_r04,KP2_T3,T3,M2,C4,can,4,correct,strict,answer,False,1,1,1,31.55,31.16
M3_C3_KP2_T2_A_r04,KP2_T2,T2,M3,C3,A,4,correct,,answer,False,1,1,1,106.46,104.68
M1_C2_KP3_T1_can_r04,KP3_T1,T1,M1,C2,can,4,correct,,answer,False,1,1,1,15.2,14.82
M2_C4_KP2_T1_can_r04,KP2_T1,T1,M2,C4,can,4,code_error,,answer,False,0,0,0,154.39,154.2
M3_C2_KP3_T1_can_r04,KP3_T1,T1,M3,C2,can,4,correct,,answer,False,1,1,1,16.77,16.4
M2_C2_KP3_T1_can_r04,KP3_T1,T1,M2,C2,can,4,correct,,answer,False,1,1,1,26.33,25.87
M1_C3_KP3_T1_A_r04,KP3_T1,T1,M1,C3,A,4,numeric_wrong,,answer,False,1,0,0,21.31,21.08
M1_C4_KP3_T1_can_r04,KP3_T1,T1,M1,C4,can,4,correct,,answer,False,1,1,1,10.82,10.44
M2_C4_KP3_T1_can_r04,KP3_T1,T1,M2,C4,can,4,correct,,answer,False,1,1,1,19.18,18.74
M2_C1_KP3_T1_A_r04,KP3_T1,T1,M2,C1,A,4,correct,,answer,False,1,1,1,55.55,55.31
M1_C1_KP3_T2_A_r04,KP3_T2,T2,M1,C1,A,4,numeric_wrong,,answer,False,1,0,0,24.24,22.62
M2_C3_KP2_T3_A_r04,KP2_T3,T3,M2,C3,A,4,numeric_wrong,wrong,answer,True,1,0,0,98.6,98.32
M1_C2_KP3_T2_can_r04,KP3_T2,T2,M1,C2,can,4,numeric_wrong,,answer,False,1,0,0,19.72,18.19
M2_C3_KP3_T1_A_r04,KP3_T1,T1,M2,C3,A,4,correct,,answer,False,1,1,1,73.83,73.49
M1_C3_KP3_T2_A_r04,KP3_T2,T2,M1,C3,A,4,correct,,answer,False,1,1,1,22.32,21.51
M3_C4_KP3_T1_can_r04,KP3_T1,T1,M3,C4,can,4,correct,,answer,False,1,1,1,70.15,69.67
M2_C2_KP3_T2_can_r04,KP3_T2,T2,M2,C2,can,4,correct,,answer,False,1,1,1,48.68,47.05
M3_C1_KP3_T1_A_r04,KP3_T1,T1,M3,C1,A,4,numeric_wrong,,answer,False,1,0,0,114.19,114.01
M3_C2_KP3_T2_can_r04,KP3_T2,T2,M3,C2,can,4,correct,,answer,False,1,1,1,55.58,53.74
M1_C4_KP3_T2_can_r04,KP3_T2,T2,M1,C4,can,4,correct,,answer,False,1,1,1,22.3,20.4
M1_C1_KP3_T3_A_r04,KP3_T3,T3,M1,C1,A,4,numeric_wrong,wrong,answer,False,1,0,0,9.44,9.19
M3_C3_KP3_T1_A_r04,KP3_T1,T1,M3,C3,A,4,numeric_wrong,,answer,False,1,0,0,141.09,140.9
M2_C3_KP3_T2_A_r04,KP3_T2,T2,M2,C3,A,4,correct,,answer,False,1,1,1,73.97,72.14
M2_C4_KP3_T2_can_r04,KP3_T2,T2,M2,C4,can,4,code_error,,answer,False,0,0,0,67.41,66.3
M3_C3_KP2_T3_A_r04,KP2_T3,T3,M3,C3,A,4,numeric_wrong,wrong,answer,True,1,0,0,203.98,203.8
M1_C2_KP3_T3_can_r04,KP3_T3,T3,M1,C2,can,4,numeric_wrong,wrong,answer,False,1,0,0,15.6,14.79
M1_C3_KP3_T3_A_r04,KP3_T3,T3,M1,C3,A,4,numeric_wrong,wrong,answer,False,1,0,0,10.22,9.98
M3_C4_KP3_T2_can_r04,KP3_T2,T2,M3,C4,can,4,correct,,answer,False,1,1,1,75.59,74.26
M2_C1_KP3_T2_A_r04,KP3_T2,T2,M2,C1,A,4,correct,,answer,False,1,1,1,164.33,162.97
M1_C4_KP3_T3_can_r04,KP3_T3,T3,M1,C4,can,4,correct,strict,answer,False,1,1,1,7.11,6.67
M2_C2_KP3_T3_can_r04,KP3_T3,T3,M2,C2,can,4,numeric_wrong,wrong,answer,False,1,0,0,36.85,36.28
M2_C1_KP3_T3_A_r04,KP3_T3,T3,M2,C1,A,4,format_failure,,answer,False,1,0,0,82.26,81.99
M2_C3_KP3_T3_A_r04,KP3_T3,T3,M2,C3,A,4,numeric_wrong,wrong,answer,False,1,0,0,35.1,34.84
M1_C1_KP4_T1_A_r04,KP4_T1,T1,M1,C1,A,4,numeric_wrong,,answer,False,1,0,0,12.8,11.78
M2_C4_KP3_T3_can_r04,KP3_T3,T3,M2,C4,can,4,format_failure,,answer,False,1,0,0,26.22,25.79
M1_C2_KP4_T1_can_r04,KP4_T1,T1,M1,C2,can,4,numeric_wrong,,answer,False,1,0,0,10.95,10.06
M3_C1_KP3_T2_A_r04,KP3_T2,T2,M3,C1,A,4,numeric_wrong,,answer,False,1,0,0,184.26,182.74
M1_C3_KP4_T1_A_r04,KP4_T1,T1,M1,C3,A,4,numeric_wrong,,answer,False,1,0,0,14.04,13.22
M3_C1_KP4_T1_A_r04,KP4_T1,T1,M3,C1,A,4,numeric_wrong,,answer,False,1,0,0,29.73,29.59
M2_C2_KP4_T1_can_r04,KP4_T1,T1,M2,C2,can,4,correct,,answer,False,1,1,1,18.88,18.15
M3_C2_KP4_T1_can_r04,KP4_T1,T1,M3,C2,can,4,code_error,,answer,False,0,0,0,19.82,19.67
M1_C4_KP4_T1_can_r04,KP4_T1,T1,M1,C4,can,4,correct,,answer,False,1,1,1,12.07,11.04
M2_C4_KP4_T1_can_r04,KP4_T1,T1,M2,C4,can,4,correct,,answer,False,1,1,1,19.9,18.83
M3_C2_KP3_T3_can_r04,KP3_T3,T3,M3,C2,can,4,numeric_wrong,wrong,answer,False,1,0,0,101.45,101.01
M1_C1_KP4_T2_A_r04,KP4_T2,T2,M1,C1,A,4,correct,,answer,False,1,1,1,14.77,12.84
M3_C4_KP4_T1_can_r04,KP4_T1,T1,M3,C4,can,4,correct,,answer,False,1,1,1,32.28,30.56
M3_C4_KP3_T3_can_r04,KP3_T3,T3,M3,C4,can,4,correct,strict,answer,False,1,1,1,85.26,84.64
M1_C2_KP4_T2_can_r04,KP4_T2,T2,M1,C2,can,4,correct,,answer,False,1,1,1,14.2,12.34
M2_C1_KP4_T2_A_r04,KP4_T2,T2,M2,C1,A,4,correct,,answer,False,1,1,1,31.15,28.9
M1_C3_KP4_T2_A_r04,KP4_T2,T2,M1,C3,A,4,numeric_wrong,,answer,False,1,0,0,15.67,14.35
M2_C2_KP4_T2_can_r04,KP4_T2,T2,M2,C2,can,4,correct,,answer,False,1,1,1,36.26,34.06
M3_C2_KP4_T2_can_r04,KP4_T2,T2,M3,C2,can,4,correct,,answer,False,1,1,1,37.03,35.41
M1_C4_KP4_T2_can_r04,KP4_T2,T2,M1,C4,can,4,correct,,answer,False,1,1,1,13.08,11.04
M3_C3_KP3_T3_A_r04,KP3_T3,T3,M3,C3,A,4,numeric_wrong,wrong,answer,False,1,0,0,168.29,168.03
M3_C3_KP4_T2_A_r04,KP4_T2,T2,M3,C3,A,4,correct,,answer,False,1,1,1,72.68,71.21
M3_C3_KP4_T1_A_r04,KP4_T1,T1,M3,C3,A,4,numeric_wrong,,answer,False,1,0,0,149.19,149.06
M1_C1_KP4_T3_A_r04,KP4_T3,T3,M1,C1,A,4,numeric_wrong,wrong,answer,False,1,0,0,9.33,9.07
M3_C4_KP4_T2_can_r04,KP4_T2,T2,M3,C4,can,4,correct,,answer,False,1,1,1,49.74,47.43
M2_C4_KP4_T2_can_r04,KP4_T2,T2,M2,C4,can,4,correct,,answer,False,1,1,1,63.69,61.36
M1_C2_KP4_T3_can_r04,KP4_T3,T3,M1,C2,can,4,correct,strict,answer,False,1,1,1,10.6,8.77
M2_C2_KP4_T3_can_r04,KP4_T3,T3,M2,C2,can,4,defensible,defensible,answer,True,1,0,1,14.76,13.69
M1_C3_KP4_T3_A_r04,KP4_T3,T3,M1,C3,A,4,defensible,defensible,answer,True,1,0,1,12.98,12.13
M2_C3_KP4_T2_A_r04,KP4_T2,T2,M2,C3,A,4,correct,,answer,False,1,1,1,121.19,118.57
M3_C1_KP4_T2_A_r04,KP4_T2,T2,M3,C1,A,4,correct,,answer,False,1,1,1,176.28,174.9
M2_C3_KP4_T3_A_r04,KP4_T3,T3,M2,C3,A,4,numeric_wrong,wrong,answer,False,1,0,0,26.84,26.21
M2_C1_KP4_T3_A_r04,KP4_T3,T3,M2,C1,A,4,format_failure,,answer,False,1,0,0,68.45,68.23
M1_C4_KP4_T3_can_r04,KP4_T3,T3,M1,C4,can,4,correct,strict,answer,False,1,1,1,10.56,9.11
M1_C1_KP5_T1_A_r04,KP5_T1,T1,M1,C1,A,4,numeric_wrong,,answer,False,1,0,0,9.55,9.3
M2_C3_KP4_T1_A_r04,KP4_T1,T1,M2,C3,A,4,format_failure,,answer,False,0,0,0,233.33,233.32
M2_C4_KP4_T3_can_r04,KP4_T3,T3,M2,C4,can,4,correct,strict,answer,False,1,1,1,24.4,22.72
M2_C1_KP5_T1_A_r04,KP5_T1,T1,M2,C1,A,4,numeric_wrong,,answer,False,1,0,0,11.27,11.08
M1_C2_KP5_T1_can_r04,KP5_T1,T1,M1,C2,can,4,correct,,answer,False,1,1,1,7.64,6.29
M2_C1_KP4_T1_A_r04,KP4_T1,T1,M2,C1,A,4,correct,,answer,False,1,1,1,280.51,280.31
M1_C3_KP5_T1_A_r04,KP5_T1,T1,M1,C3,A,4,correct,,answer,False,1,1,1,11.19,10.09
M2_C2_KP5_T1_can_r04,KP5_T1,T1,M2,C2,can,4,correct,,answer,False,1,1,1,20.18,18.84
M3_C4_KP4_T3_can_r04,KP4_T3,T3,M3,C4,can,4,correct,strict,answer,False,1,1,1,43.06,41.87
M1_C4_KP5_T1_can_r04,KP5_T1,T1,M1,C4,can,4,correct,,answer,False,1,1,1,6.56,5.44
M3_C1_KP5_T1_A_r04,KP5_T1,T1,M3,C1,A,4,numeric_wrong,,answer,False,1,0,0,57.18,56.98
M3_C2_KP5_T1_can_r04,KP5_T1,T1,M3,C2,can,4,correct,,answer,False,1,1,1,53.46,52.28
M2_C4_KP5_T1_can_r04,KP5_T1,T1,M2,C4,can,4,code_error,,answer,False,0,0,0,39.51,38.47
M1_C1_KP5_T2_A_r04,KP5_T2,T2,M1,C1,A,4,numeric_wrong,,answer,False,1,0,0,12.96,10.89
M2_C3_KP5_T1_A_r04,KP5_T1,T1,M2,C3,A,4,numeric_wrong,,answer,False,1,0,0,66.17,65.89
M3_C3_KP5_T1_A_r04,KP5_T1,T1,M3,C3,A,4,numeric_wrong,,answer,False,1,0,0,68.0,67.71
M1_C2_KP5_T2_can_r04,KP5_T2,T2,M1,C2,can,4,numeric_wrong,,answer,False,1,0,0,14.49,12.51
M3_C2_KP4_T3_can_r04,KP4_T3,T3,M3,C2,can,4,defensible,defensible,answer,True,1,0,1,170.93,169.9
M3_C3_KP4_T3_A_r04,KP4_T3,T3,M3,C3,A,4,numeric_wrong,wrong,answer,False,1,0,0,150.65,150.48
M2_C1_KP5_T2_A_r04,KP5_T2,T2,M2,C1,A,4,correct,,answer,False,1,1,1,40.79,38.43
M1_C3_KP5_T2_A_r04,KP5_T2,T2,M1,C3,A,4,numeric_wrong,,answer,False,1,0,0,13.71,11.41
M3_C4_KP5_T1_can_r04,KP5_T1,T1,M3,C4,can,4,correct,,answer,False,1,1,1,60.26,58.83
M3_C1_KP5_T2_A_r04,KP5_T2,T2,M3,C1,A,4,numeric_wrong,,answer,False,1,0,0,56.95,55.01
M1_C4_KP5_T2_can_r04,KP5_T2,T2,M1,C4,can,4,correct,,answer,False,1,1,1,15.08,13.43
M1_C1_KP5_T3_A_r04,KP5_T3,T3,M1,C1,A,4,correct,strict,answer,False,1,1,1,5.08,4.89
M2_C2_KP5_T2_can_r04,KP5_T2,T2,M2,C2,can,4,correct,,answer,False,1,1,1,47.56,45.37
M2_C3_KP5_T2_A_r04,KP5_T2,T2,M2,C3,A,4,correct,,answer,False,1,1,1,40.53,38.66
M2_C1_KP5_T3_A_r04,KP5_T3,T3,M2,C1,A,4,correct,strict,answer,False,1,1,1,13.99,13.79
M1_C2_KP5_T3_can_r04,KP5_T3,T3,M1,C2,can,4,numeric_wrong,wrong,answer,False,1,0,0,6.1,5.01
M2_C2_KP5_T3_can_r04,KP5_T3,T3,M2,C2,can,4,correct,strict,answer,False,1,1,1,23.25,22.41
M3_C3_KP5_T2_A_r04,KP5_T2,T2,M3,C3,A,4,numeric_wrong,,answer,False,1,0,0,63.26,61.91
M3_C4_KP5_T2_can_r04,KP5_T2,T2,M3,C4,can,4,correct,,answer,False,1,1,1,52.24,49.75
M1_C3_KP5_T3_A_r04,KP5_T3,T3,M1,C3,A,4,correct,strict,answer,False,1,1,1,10.48,10.27
M3_C2_KP5_T2_can_r04,KP5_T2,T2,M3,C2,can,4,code_error,,answer,False,0,0,0,86.82,84.32
M1_C4_KP5_T3_can_r04,KP5_T3,T3,M1,C4,can,4,numeric_wrong,wrong,answer,False,1,0,0,7.16,4.84
M2_C4_KP5_T2_can_r04,KP5_T2,T2,M2,C4,can,4,code_error,,answer,False,0,0,0,74.9,71.73
M3_C1_KP5_T3_A_r04,KP5_T3,T3,M3,C1,A,4,correct,strict,answer,False,1,1,1,59.22,58.52
M3_C2_KP5_T3_can_r04,KP5_T3,T3,M3,C2,can,4,correct,strict,answer,False,1,1,1,47.77,46.02
M1_C1_KP6_T1_A_r04,KP6_T1,T1,M1,C1,A,4,code_error,,answer,False,0,0,0,14.17,13.42
M2_C4_KP5_T3_can_r04,KP5_T3,T3,M2,C4,can,4,correct,strict,answer,False,1,1,1,20.37,19.18
M3_C3_KP3_T2_A_r04,KP3_T2,T2,M3,C3,A,4,correct,,answer,False,1,1,1,279.74,276.66
M1_C2_KP6_T1_can_r04,KP6_T1,T1,M1,C2,can,4,numeric_wrong,,answer,False,1,0,0,13.94,12.95
M3_C4_KP5_T3_can_r04,KP5_T3,T3,M3,C4,can,4,correct,strict,answer,False,1,1,1,35.18,32.82
M2_C1_KP6_T1_A_r04,KP6_T1,T1,M2,C1,A,4,numeric_wrong,,answer,False,1,0,0,24.66,24.34
M1_C3_KP6_T1_A_r04,KP6_T1,T1,M1,C3,A,4,code_error,,answer,False,0,0,0,17.54,17.36
M1_C4_KP6_T1_can_r04,KP6_T1,T1,M1,C4,can,4,correct,,answer,False,1,1,1,11.24,10.26
M2_C2_KP6_T1_can_r04,KP6_T1,T1,M2,C2,can,4,correct,,answer,False,1,1,1,46.8,45.26
M3_C3_KP5_T3_A_r04,KP5_T3,T3,M3,C3,A,4,correct,strict,answer,False,1,1,1,72.16,71.96
M1_C1_KP6_T2_A_r04,KP6_T2,T2,M1,C1,A,4,numeric_wrong,,answer,False,1,0,0,15.69,13.76
M2_C4_KP6_T1_can_r04,KP6_T1,T1,M2,C4,can,4,format_failure,,answer,False,1,0,0,25.23,24.29
M2_C3_KP6_T1_A_r04,KP6_T1,T1,M2,C3,A,4,numeric_wrong,,answer,False,1,0,0,61.75,60.77
M3_C4_KP6_T1_can_r04,KP6_T1,T1,M3,C4,can,4,correct,,answer,False,1,1,1,41.8,40.36
M3_C1_KP6_T2_A_r04,KP6_T2,T2,M3,C1,A,4,numeric_wrong,,answer,False,1,0,0,27.61,23.68
M1_C2_KP6_T2_can_r04,KP6_T2,T2,M1,C2,can,4,numeric_wrong,,answer,False,1,0,0,22.1,15.18
M3_C1_KP6_T1_A_r04,KP6_T1,T1,M3,C1,A,4,numeric_wrong,,answer,False,1,0,0,107.1,102.75
M3_C3_KP6_T1_A_r04,KP6_T1,T1,M3,C3,A,4,numeric_wrong,,answer,False,1,0,0,89.4,86.33
M1_C3_KP6_T2_A_r04,KP6_T2,T2,M1,C3,A,4,numeric_wrong,,answer,False,1,0,0,18.79,14.63
M2_C3_KP6_T2_A_r04,KP6_T2,T2,M2,C3,A,4,format_failure,,answer,False,0,0,0,13.23,13.23
M1_C4_KP6_T2_can_r04,KP6_T2,T2,M1,C4,can,4,numeric_wrong,,answer,False,1,0,0,17.26,12.74
M2_C1_KP6_T2_A_r04,KP6_T2,T2,M2,C1,A,4,numeric_wrong,,answer,False,1,0,0,64.99,58.35
M2_C3_KP5_T3_A_r04,KP5_T3,T3,M2,C3,A,4,correct,strict,answer,False,1,1,1,154.74,153.23
M2_C2_KP6_T2_can_r04,KP6_T2,T2,M2,C2,can,4,correct,,answer,False,1,1,1,44.96,37.62
M1_C1_KP6_T3_A_r04,KP6_T3,T3,M1,C1,A,4,code_error,,answer,False,0,0,0,11.36,8.92
M3_C1_KP3_T3_A_r04,KP3_T3,T3,M3,C1,A,4,numeric_wrong,wrong,answer,False,1,0,0,56.04,55.66
M3_C2_KP6_T1_can_r04,KP6_T1,T1,M3,C2,can,4,numeric_wrong,,answer,False,1,0,0,138.72,136.81
M1_C2_KP6_T3_can_r04,KP6_T3,T3,M1,C2,can,4,numeric_wrong,wrong,answer,False,1,0,0,12.97,11.75
M2_C2_KP6_T3_can_r04,KP6_T3,T3,M2,C2,can,4,format_failure,,answer,False,0,0,0,7.59,7.58
M2_C1_KP6_T3_A_r04,KP6_T3,T3,M2,C1,A,4,code_error,,answer,False,0,0,0,29.61,27.48
M1_C3_KP6_T3_A_r04,KP6_T3,T3,M1,C3,A,4,code_error,,answer,False,0,0,0,12.16,9.86
M1_C4_KP6_T3_can_r04,KP6_T3,T3,M1,C4,can,4,correct,strict,answer,False,1,1,1,8.74,7.59
M2_C3_KP6_T3_A_r04,KP6_T3,T3,M2,C3,A,4,format_failure,,answer,False,0,0,0,14.07,14.06
M3_C4_KP6_T2_can_r04,KP6_T2,T2,M3,C4,can,4,correct,,answer,False,1,1,1,47.99,44.45
M3_C4_KP6_T3_can_r04,KP6_T3,T3,M3,C4,can,4,correct,strict,answer,False,1,1,1,7.06,4.94
M2_C4_KP6_T3_can_r04,KP6_T3,T3,M2,C4,can,4,correct,strict,answer,False,1,1,1,21.51,20.25
M1_C1_KP1_T1_A_r05,KP1_T1,T1,M1,C1,A,5,numeric_wrong,,answer,False,1,0,0,22.17,19.77
M3_C1_KP6_T3_A_r04,KP6_T3,T3,M3,C1,A,4,code_error,,answer,False,0,0,0,66.73,65.02
M1_C2_KP1_T1_can_r05,KP1_T1,T1,M1,C2,can,5,correct,,answer,False,1,1,1,9.38,5.98
M3_C2_KP6_T3_can_r04,KP6_T3,T3,M3,C2,can,4,format_failure,,answer,False,1,0,0,54.83,52.58
M2_C4_KP6_T2_can_r04,KP6_T2,T2,M2,C4,can,4,correct,,answer,False,1,1,1,94.68,92.09
M1_C3_KP1_T1_A_r05,KP1_T1,T1,M1,C3,A,5,numeric_wrong,,answer,False,1,0,0,26.45,25.27
M3_C3_KP6_T2_A_r04,KP6_T2,T2,M3,C3,A,4,numeric_wrong,,answer,False,1,0,0,138.97,137.26
M3_C2_KP6_T2_can_r04,KP6_T2,T2,M3,C2,can,4,correct,,answer,False,1,1,1,163.63,157.22
M1_C4_KP1_T1_can_r05,KP1_T1,T1,M1,C4,can,5,correct,,answer,False,1,1,1,8.71,6.7
M3_C2_KP1_T1_can_r05,KP1_T1,T1,M3,C2,can,5,correct,,answer,False,1,1,1,68.12,66.64
M2_C2_KP1_T1_can_r05,KP1_T1,T1,M2,C2,can,5,correct,,answer,False,1,1,1,71.75,70.26
M1_C1_KP1_T2_A_r05,KP1_T2,T2,M1,C1,A,5,correct,,answer,False,1,1,1,16.59,15.52
M2_C4_KP1_T1_can_r05,KP1_T1,T1,M2,C4,can,5,correct,,answer,False,1,1,1,28.69,27.89
M2_C1_KP1_T2_A_r05,KP1_T2,T2,M2,C1,A,5,numeric_wrong,,answer,False,1,0,0,17.97,17.78
M1_C2_KP1_T2_can_r05,KP1_T2,T2,M1,C2,can,5,correct,,answer,False,1,1,1,15.81,14.22
M3_C3_KP6_T3_A_r04,KP6_T3,T3,M3,C3,A,4,code_error,,answer,False,0,0,0,156.03,154.66
M2_C1_KP1_T1_A_r05,KP1_T1,T1,M2,C1,A,5,correct,,answer,False,1,1,1,145.44,143.5
M3_C4_KP1_T1_can_r05,KP1_T1,T1,M3,C4,can,5,correct,,answer,False,1,1,1,78.06,76.94
M1_C3_KP1_T2_A_r05,KP1_T2,T2,M1,C3,A,5,numeric_wrong,,answer,False,1,0,0,23.64,22.59
M1_C4_KP1_T2_can_r05,KP1_T2,T2,M1,C4,can,5,correct,,answer,False,1,1,1,15.97,14.46
M2_C2_KP1_T2_can_r05,KP1_T2,T2,M2,C2,can,5,correct,,answer,False,1,1,1,96.71,95.41
M3_C1_KP1_T2_A_r05,KP1_T2,T2,M3,C1,A,5,correct,,answer,False,1,1,1,110.2,106.44
M1_C1_KP1_T3_A_r05,KP1_T3,T3,M1,C1,A,5,numeric_wrong,wrong,answer,False,1,0,0,11.03,10.79
M3_C3_KP1_T1_A_r05,KP1_T1,T1,M3,C3,A,5,correct,,answer,False,1,1,1,193.74,192.86
M2_C3_KP1_T2_A_r05,KP1_T2,T2,M2,C3,A,5,correct,,answer,False,1,1,1,115.47,113.88
M3_C3_KP1_T2_A_r05,KP1_T2,T2,M3,C3,A,5,correct,,answer,False,1,1,1,98.09,96.52
M1_C2_KP1_T3_can_r05,KP1_T3,T3,M1,C2,can,5,correct,strict,answer,False,1,1,1,6.2,5.71
M3_C1_KP1_T1_A_r05,KP1_T1,T1,M3,C1,A,5,correct,,answer,False,1,1,1,251.22,249.35
M1_C3_KP1_T3_A_r05,KP1_T3,T3,M1,C3,A,5,numeric_wrong,wrong,answer,False,1,0,0,8.72,8.52
M2_C2_KP1_T3_can_r05,KP1_T3,T3,M2,C2,can,5,correct,strict,answer,False,1,1,1,16.24,15.91
M3_C1_KP1_T3_A_r05,KP1_T3,T3,M3,C1,A,5,numeric_wrong,wrong,answer,False,1,0,0,30.48,30.2
M2_C1_KP1_T3_A_r05,KP1_T3,T3,M2,C1,A,5,correct,strict,answer,False,1,1,1,57.79,57.37
M1_C4_KP1_T3_can_r05,KP1_T3,T3,M1,C4,can,5,correct,strict,answer,False,1,1,1,7.52,7.09
M2_C4_KP1_T2_can_r05,KP1_T2,T2,M2,C4,can,5,correct,,answer,False,1,1,1,115.65,113.59
M2_C3_KP1_T3_A_r05,KP1_T3,T3,M2,C3,A,5,correct,strict,answer,False,1,1,1,21.17,20.94
M2_C3_KP1_T1_A_r05,KP1_T1,T1,M2,C3,A,5,correct,,answer,False,1,1,1,259.83,257.65
M1_C1_KP2_T1_A_r05,KP2_T1,T1,M1,C1,A,5,numeric_wrong,,answer,False,1,0,0,9.77,9.44
M2_C4_KP1_T3_can_r05,KP1_T3,T3,M2,C4,can,5,correct,strict,answer,False,1,1,1,20.45,20.02
M1_C2_KP2_T1_can_r05,KP2_T1,T1,M1,C2,can,5,correct,,answer,False,1,1,1,8.28,7.35
M3_C2_KP1_T3_can_r05,KP1_T3,T3,M3,C2,can,5,correct,strict,answer,False,1,1,1,46.03,45.62
M2_C1_KP2_T1_A_r05,KP2_T1,T1,M2,C1,A,5,correct,,answer,False,1,1,1,17.0,16.79
M3_C3_KP1_T3_A_r05,KP1_T3,T3,M3,C3,A,5,numeric_wrong,wrong,answer,False,1,0,0,44.26,43.97
M1_C3_KP2_T1_A_r05,KP2_T1,T1,M1,C3,A,5,correct,,answer,False,1,1,1,10.46,10.22
M2_C2_KP2_T1_can_r05,KP2_T1,T1,M2,C2,can,5,correct,,answer,False,1,1,1,20.52,17.84
M1_C4_KP2_T1_can_r05,KP2_T1,T1,M1,C4,can,5,correct,,answer,False,1,1,1,6.72,5.85
M3_C4_KP1_T3_can_r05,KP1_T3,T3,M3,C4,can,5,correct,strict,answer,False,1,1,1,47.42,46.83
M2_C3_KP2_T1_A_r05,KP2_T1,T1,M2,C3,A,5,correct,,answer,False,1,1,1,20.79,20.52
M2_C4_KP2_T1_can_r05,KP2_T1,T1,M2,C4,can,5,correct,,answer,False,1,1,1,13.09,12.61
M3_C2_KP2_T1_can_r05,KP2_T1,T1,M3,C2,can,5,correct,,answer,False,1,1,1,28.36,27.96
M3_C1_KP2_T1_A_r05,KP2_T1,T1,M3,C1,A,5,correct,,answer,False,1,1,1,38.99,38.74
M1_C1_KP2_T2_A_r05,KP2_T2,T2,M1,C1,A,5,numeric_wrong,,answer,False,1,0,0,13.61,12.5
M1_C2_KP2_T2_can_r05,KP2_T2,T2,M1,C2,can,5,correct,,answer,False,1,1,1,17.19,14.87
M3_C3_KP2_T1_A_r05,KP2_T1,T1,M3,C3,A,5,correct,,answer,False,1,1,1,44.98,44.25
M1_C3_KP2_T2_A_r05,KP2_T2,T2,M1,C3,A,5,correct,,answer,False,1,1,1,16.13,12.98
M2_C1_KP2_T2_A_r05,KP2_T2,T2,M2,C1,A,5,correct,,answer,False,1,1,1,38.2,35.12
M3_C4_KP2_T1_can_r05,KP2_T1,T1,M3,C4,can,5,correct,,answer,False,1,1,1,50.33,48.17
M1_C4_KP2_T2_can_r05,KP2_T2,T2,M1,C4,can,5,correct,,answer,False,1,1,1,14.17,8.66
M2_C4_KP2_T2_can_r05,KP2_T2,T2,M2,C4,can,5,correct,,answer,False,1,1,1,18.31,12.8
M3_C4_KP1_T2_can_r05,KP1_T2,T2,M3,C4,can,5,correct,,answer,False,1,1,1,184.24,178.81
M3_C1_KP2_T2_A_r05,KP2_T2,T2,M3,C1,A,5,correct,,answer,False,1,1,1,68.04,59.2
M1_C1_KP2_T3_A_r05,KP2_T3,T3,M1,C1,A,5,numeric_wrong,wrong,answer,False,1,0,0,8.13,6.45
M1_C2_KP2_T3_can_r05,KP2_T3,T3,M1,C2,can,5,correct,strict,answer,False,1,1,1,7.45,5.19
M2_C1_KP2_T3_A_r05,KP2_T3,T3,M2,C1,A,5,correct,strict,answer,False,1,1,1,12.98,12.07
M2_C3_KP2_T2_A_r05,KP2_T2,T2,M2,C3,A,5,correct,,answer,False,1,1,1,43.24,39.75
M3_C2_KP1_T2_can_r05,KP1_T2,T2,M3,C2,can,5,code_error,,answer,False,0,0,0,291.65,291.33
M1_C3_KP2_T3_A_r05,KP2_T3,T3,M1,C3,A,5,correct,strict,answer,False,1,1,1,13.2,12.87
M2_C2_KP2_T3_can_r05,KP2_T3,T3,M2,C2,can,5,correct,strict,answer,False,1,1,1,23.63,22.29
M3_C2_KP2_T2_can_r05,KP2_T2,T2,M3,C2,can,5,correct,,answer,False,1,1,1,87.03,79.13
M3_C3_KP2_T2_A_r05,KP2_T2,T2,M3,C3,A,5,correct,,answer,False,1,1,1,65.13,59.6
M1_C4_KP2_T3_can_r05,KP2_T3,T3,M1,C4,can,5,correct,strict,answer,False,1,1,1,6.07,4.72
M3_C4_KP2_T2_can_r05,KP2_T2,T2,M3,C4,can,5,correct,,answer,False,1,1,1,59.76,55.98
M3_C3_KP2_T3_A_r05,KP2_T3,T3,M3,C3,A,5,numeric_wrong,wrong,answer,True,1,0,0,17.13,16.63
M3_C1_KP2_T3_A_r05,KP2_T3,T3,M3,C1,A,5,correct,strict,answer,False,1,1,1,40.18,39.88
M2_C2_KP2_T2_can_r05,KP2_T2,T2,M2,C2,can,5,correct,,answer,False,1,1,1,103.01,99.06
M1_C1_KP3_T1_A_r05,KP3_T1,T1,M1,C1,A,5,numeric_wrong,,answer,False,1,0,0,12.03,11.34
M2_C4_KP2_T3_can_r05,KP2_T3,T3,M2,C4,can,5,correct,strict,answer,False,1,1,1,17.14,15.94
M2_C3_KP2_T3_A_r05,KP2_T3,T3,M2,C3,A,5,numeric_wrong,wrong,answer,True,1,0,0,26.02,25.11
M3_C4_KP2_T3_can_r05,KP2_T3,T3,M3,C4,can,5,correct,strict,answer,False,1,1,1,21.1,20.37
M1_C2_KP3_T1_can_r05,KP3_T1,T1,M1,C2,can,5,correct,,answer,False,1,1,1,13.46,12.92
M1_C4_KP3_T1_can_r05,KP3_T1,T1,M1,C4,can,5,correct,,answer,False,1,1,1,7.77,7.01
M1_C3_KP3_T1_A_r05,KP3_T1,T1,M1,C3,A,5,numeric_wrong,,answer,False,1,0,0,22.67,22.4
M2_C3_KP3_T1_A_r05,KP3_T1,T1,M2,C3,A,5,format_failure,,answer,False,0,0,0,27.98,27.96
M2_C4_KP3_T1_can_r05,KP3_T1,T1,M2,C4,can,5,correct,,answer,False,1,1,1,22.13,21.64
M2_C2_KP3_T1_can_r05,KP3_T1,T1,M2,C2,can,5,correct,,answer,False,1,1,1,39.36,38.93
M3_C4_KP3_T1_can_r05,KP3_T1,T1,M3,C4,can,5,correct,,answer,False,1,1,1,14.34,13.93
M3_C2_KP2_T3_can_r05,KP2_T3,T3,M3,C2,can,5,numeric_wrong,wrong,answer,True,1,0,0,84.0,83.48
M1_C1_KP3_T2_A_r05,KP3_T2,T2,M1,C1,A,5,numeric_wrong,,answer,False,1,0,0,27.87,25.55
M1_C2_KP3_T2_can_r05,KP3_T2,T2,M1,C2,can,5,numeric_wrong,,answer,False,1,0,0,20.76,18.77
M3_C2_KP3_T1_can_r05,KP3_T1,T1,M3,C2,can,5,correct,,answer,False,1,1,1,63.81,63.17
M1_C3_KP3_T2_A_r05,KP3_T2,T2,M1,C3,A,5,correct,,answer,False,1,1,1,22.91,20.39
M2_C2_KP3_T2_can_r05,KP3_T2,T2,M2,C2,can,5,correct,,answer,False,1,1,1,69.93,68.56
M3_C1_KP3_T2_A_r05,KP3_T2,T2,M3,C1,A,5,correct,,answer,False,1,1,1,83.77,82.02
M1_C4_KP3_T2_can_r05,KP3_T2,T2,M1,C4,can,5,correct,,answer,False,1,1,1,15.03,13.69
M2_C3_KP3_T2_A_r05,KP3_T2,T2,M2,C3,A,5,correct,,answer,False,1,1,1,82.51,81.34
M1_C1_KP3_T3_A_r05,KP3_T3,T3,M1,C1,A,5,numeric_wrong,wrong,answer,False,1,0,0,9.73,9.5
M2_C1_KP3_T3_A_r05,KP3_T3,T3,M2,C1,A,5,format_failure,,answer,False,0,0,0,3.92,3.91
M2_C1_KP3_T1_A_r05,KP3_T1,T1,M2,C1,A,5,correct,,answer,False,1,1,1,175.22,174.99
M2_C1_KP3_T2_A_r05,KP3_T2,T2,M2,C1,A,5,correct,,answer,False,1,1,1,138.88,137.65
M3_C1_KP3_T3_A_r05,KP3_T3,T3,M3,C1,A,5,numeric_wrong,wrong,answer,False,1,0,0,23.7,23.51
M1_C2_KP3_T3_can_r05,KP3_T3,T3,M1,C2,can,5,numeric_wrong,wrong,answer,False,1,0,0,17.53,16.76
M1_C3_KP3_T3_A_r05,KP3_T3,T3,M1,C3,A,5,numeric_wrong,wrong,answer,False,1,0,0,9.86,9.64
M3_C3_KP3_T2_A_r05,KP3_T2,T2,M3,C3,A,5,correct,,answer,False,1,1,1,128.94,127.68
M3_C4_KP3_T2_can_r05,KP3_T2,T2,M3,C4,can,5,correct,,answer,False,1,1,1,123.73,122.16
M2_C2_KP3_T3_can_r05,KP3_T3,T3,M2,C2,can,5,numeric_wrong,wrong,answer,False,1,0,0,80.76,80.39
M1_C4_KP3_T3_can_r05,KP3_T3,T3,M1,C4,can,5,correct,strict,answer,False,1,1,1,7.27,6.92
M2_C4_KP3_T2_can_r05,KP3_T2,T2,M2,C4,can,5,code_error,,answer,False,0,0,0,151.88,150.9
M3_C3_KP3_T3_A_r05,KP3_T3,T3,M3,C3,A,5,numeric_wrong,wrong,answer,False,1,0,0,67.59,67.44
M2_C4_KP3_T3_can_r05,KP3_T3,T3,M2,C4,can,5,correct,strict,answer,False,1,1,1,17.75,17.41
M3_C4_KP3_T3_can_r05,KP3_T3,T3,M3,C4,can,5,correct,strict,answer,False,1,1,1,22.96,22.5
M1_C1_KP4_T1_A_r05,KP4_T1,T1,M1,C1,A,5,numeric_wrong,,answer,False,1,0,0,15.61,14.54
M1_C2_KP4_T1_can_r05,KP4_T1,T1,M1,C2,can,5,numeric_wrong,,answer,False,1,0,0,11.93,10.84
M3_C1_KP4_T1_A_r05,KP4_T1,T1,M3,C1,A,5,correct,,answer,False,1,1,1,21.12,19.94
M2_C3_KP3_T3_A_r05,KP3_T3,T3,M2,C3,A,5,numeric_wrong,wrong,answer,True,1,0,0,102.03,101.64
M3_C2_KP3_T3_can_r05,KP3_T3,T3,M3,C2,can,5,defensible,defensible,answer,True,1,0,1,123.86,123.47
M1_C3_KP4_T1_A_r05,KP4_T1,T1,M1,C3,A,5,numeric_wrong,,answer,False,1,0,0,15.81,14.82
M3_C2_KP3_T2_can_r05,KP3_T2,T2,M3,C2,can,5,correct,,answer,False,1,1,1,255.05,253.59
M3_C2_KP4_T1_can_r05,KP4_T1,T1,M3,C2,can,5,correct,,answer,False,1,1,1,22.09,21.09
M2_C2_KP4_T1_can_r05,KP4_T1,T1,M2,C2,can,5,correct,,answer,False,1,1,1,30.88,29.77
M1_C4_KP4_T1_can_r05,KP4_T1,T1,M1,C4,can,5,numeric_wrong,,answer,False,1,0,0,10.56,9.56
M2_C4_KP4_T1_can_r05,KP4_T1,T1,M2,C4,can,5,correct,,answer,False,1,1,1,17.0,15.83
M1_C1_KP4_T2_A_r05,KP4_T2,T2,M1,C1,A,5,correct,,answer,False,1,1,1,15.87,13.86
M1_C2_KP4_T2_can_r05,KP4_T2,T2,M1,C2,can,5,correct,,answer,False,1,1,1,17.14,15.18
M2_C1_KP4_T2_A_r05,KP4_T2,T2,M2,C1,A,5,correct,,answer,False,1,1,1,45.44,43.58
M3_C1_KP4_T2_A_r05,KP4_T2,T2,M3,C1,A,5,correct,,answer,False,1,1,1,36.74,34.82
M1_C3_KP4_T2_A_r05,KP4_T2,T2,M1,C3,A,5,format_failure,,answer,False,0,0,0,3.74,3.73
M2_C2_KP4_T2_can_r05,KP4_T2,T2,M2,C2,can,5,correct,,answer,False,1,1,1,31.52,29.61
M3_C3_KP4_T1_A_r05,KP4_T1,T1,M3,C3,A,5,numeric_wrong,,answer,False,1,0,0,92.66,92.47
M1_C4_KP4_T2_can_r05,KP4_T2,T2,M1,C4,can,5,correct,,answer,False,1,1,1,12.81,10.98
M3_C4_KP4_T1_can_r05,KP4_T1,T1,M3,C4,can,5,code_error,,answer,False,0,0,0,96.5,96.34
M1_C1_KP4_T3_A_r05,KP4_T3,T3,M1,C1,A,5,numeric_wrong,wrong,answer,False,1,0,0,8.68,8.35
M3_C2_KP4_T2_can_r05,KP4_T2,T2,M3,C2,can,5,correct,,answer,False,1,1,1,67.34,65.04
M2_C1_KP4_T1_A_r05,KP4_T1,T1,M2,C1,A,5,correct,,answer,False,1,1,1,160.05,158.7
M2_C3_KP4_T2_A_r05,KP4_T2,T2,M2,C3,A,5,correct,,answer,False,1,1,1,69.41,66.94
M2_C1_KP4_T3_A_r05,KP4_T3,T3,M2,C1,A,5,format_failure,,answer,False,0,0,0,9.37,9.36
M1_C2_KP4_T3_can_r05,KP4_T3,T3,M1,C2,can,5,defensible,defensible,answer,True,1,0,1,15.49,14.24
M2_C2_KP4_T3_can_r05,KP4_T3,T3,M2,C2,can,5,correct,strict,answer,False,1,1,1,24.21,22.66
M2_C4_KP4_T2_can_r05,KP4_T2,T2,M2,C4,can,5,correct,,answer,False,1,1,1,51.9,48.84
M1_C3_KP4_T3_A_r05,KP4_T3,T3,M1,C3,A,5,defensible,defensible,answer,True,1,0,1,13.55,12.47
M3_C4_KP4_T2_can_r05,KP4_T2,T2,M3,C4,can,5,correct,,answer,False,1,1,1,56.39,54.27
M3_C3_KP4_T2_A_r05,KP4_T2,T2,M3,C3,A,5,correct,,answer,False,1,1,1,94.28,91.75
M1_C4_KP4_T3_can_r05,KP4_T3,T3,M1,C4,can,5,correct,strict,answer,False,1,1,1,10.28,9.08
M3_C1_KP3_T1_A_r05,KP3_T1,T1,M3,C1,A,5,numeric_wrong,,answer,False,1,0,0,165.45,165.26
M1_C1_KP5_T1_A_r05,KP5_T1,T1,M1,C1,A,5,numeric_wrong,,answer,False,1,0,0,9.6,9.36
M2_C3_KP4_T1_A_r05,KP4_T1,T1,M2,C3,A,5,numeric_wrong,,answer,False,1,0,0,192.91,192.71
M3_C1_KP5_T1_A_r05,KP5_T1,T1,M3,C1,A,5,numeric_wrong,,answer,False,1,0,0,14.12,13.96
M1_C2_KP5_T1_can_r05,KP5_T1,T1,M1,C2,can,5,correct,,answer,False,1,1,1,12.11,10.98
M2_C4_KP4_T3_can_r05,KP4_T3,T3,M2,C4,can,5,correct,strict,answer,False,1,1,1,39.58,38.21
M2_C1_KP5_T1_A_r05,KP5_T1,T1,M2,C1,A,5,numeric_wrong,,answer,False,1,0,0,36.36,36.2
M2_C2_KP5_T1_can_r05,KP5_T1,T1,M2,C2,can,5,correct,,answer,False,1,1,1,19.26,18.26
M1_C3_KP5_T1_A_r05,KP5_T1,T1,M1,C3,A,5,numeric_wrong,,answer,False,1,0,0,8.0,7.85
M1_C4_KP5_T1_can_r05,KP5_T1,T1,M1,C4,can,5,correct,,answer,False,1,1,1,6.45,5.4
M3_C4_KP4_T3_can_r05,KP4_T3,T3,M3,C4,can,5,correct,strict,answer,False,1,1,1,51.43,50.38
M2_C3_KP4_T3_A_r05,KP4_T3,T3,M2,C3,A,5,numeric_wrong,wrong,answer,False,1,0,0,66.57,66.41
M2_C4_KP5_T1_can_r05,KP5_T1,T1,M2,C4,can,5,correct,,answer,False,1,1,1,15.46,14.36
M1_C1_KP5_T2_A_r05,KP5_T2,T2,M1,C1,A,5,numeric_wrong,,answer,False,1,0,0,12.94,11.06
M3_C1_KP5_T2_A_r05,KP5_T2,T2,M3,C1,A,5,numeric_wrong,,answer,False,1,0,0,9.93,7.79
M2_C3_KP5_T1_A_r05,KP5_T1,T1,M2,C3,A,5,correct,,answer,False,1,1,1,41.13,39.98
M1_C2_KP5_T2_can_r05,KP5_T2,T2,M1,C2,can,5,numeric_wrong,,answer,False,1,0,0,14.17,12.36
M3_C4_KP5_T1_can_r05,KP5_T1,T1,M3,C4,can,5,code_error,,answer,False,0,0,0,38.12,37.12
M1_C3_KP5_T2_A_r05,KP5_T2,T2,M1,C3,A,5,numeric_wrong,,answer,False,1,0,0,14.97,12.62
M3_C2_KP5_T1_can_r05,KP5_T1,T1,M3,C2,can,5,code_error,,answer,False,0,0,0,78.12,77.09
M2_C1_KP5_T2_A_r05,KP5_T2,T2,M2,C1,A,5,correct,,answer,False,1,1,1,75.32,72.9
M2_C2_KP5_T2_can_r05,KP5_T2,T2,M2,C2,can,5,code_error,,answer,False,0,0,0,64.96,62.75
M3_C3_KP5_T1_A_r05,KP5_T1,T1,M3,C3,A,5,numeric_wrong,,answer,False,1,0,0,103.99,103.78
M1_C4_KP5_T2_can_r05,KP5_T2,T2,M1,C4,can,5,correct,,answer,False,1,1,1,14.94,12.7
M1_C1_KP5_T3_A_r05,KP5_T3,T3,M1,C1,A,5,correct,strict,answer,False,1,1,1,5.54,5.34
M2_C3_KP5_T2_A_r05,KP5_T2,T2,M2,C3,A,5,code_error,,answer,False,0,0,0,65.31,63.53
M3_C4_KP5_T2_can_r05,KP5_T2,T2,M3,C4,can,5,format_failure,,answer,False,0,0,0,26.76,26.74
M2_C1_KP5_T3_A_r05,KP5_T3,T3,M2,C1,A,5,correct,strict,answer,False,1,1,1,22.75,22.5
M1_C2_KP5_T3_can_r05,KP5_T3,T3,M1,C2,can,5,numeric_wrong,wrong,answer,False,1,0,0,5.98,4.8
M3_C2_KP5_T3_can_r05,KP5_T3,T3,M3,C2,can,5,correct,strict,answer,False,1,1,1,9.69,8.53
M3_C1_KP5_T3_A_r05,KP5_T3,T3,M3,C1,A,5,correct,strict,answer,False,1,1,1,25.47,25.24
M2_C2_KP5_T3_can_r05,KP5_T3,T3,M2,C2,can,5,correct,strict,answer,False,1,1,1,17.51,16.45
M1_C3_KP5_T3_A_r05,KP5_T3,T3,M1,C3,A,5,correct,strict,answer,False,1,1,1,9.15,8.87
M2_C4_KP5_T2_can_r05,KP5_T2,T2,M2,C4,can,5,correct,,answer,False,1,1,1,59.9,56.57
M3_C3_KP5_T2_A_r05,KP5_T2,T2,M3,C3,A,5,numeric_wrong,,answer,False,1,0,0,92.41,87.92
M1_C4_KP5_T3_can_r05,KP5_T3,T3,M1,C4,can,5,numeric_wrong,wrong,answer,False,1,0,0,8.62,6.16
M3_C3_KP3_T1_A_r05,KP3_T1,T1,M3,C3,A,5,numeric_wrong,,answer,False,1,0,0,35.86,35.51
M1_C1_KP6_T1_A_r05,KP6_T1,T1,M1,C1,A,5,code_error,,answer,False,0,0,0,13.15,12.53
M2_C4_KP5_T3_can_r05,KP5_T3,T3,M2,C4,can,5,correct,strict,answer,False,1,1,1,26.54,24.91
M2_C3_KP5_T3_A_r05,KP5_T3,T3,M2,C3,A,5,correct,strict,answer,False,1,1,1,37.28,37.04
M1_C2_KP6_T1_can_r05,KP6_T1,T1,M1,C2,can,5,numeric_wrong,,answer,False,1,0,0,12.48,10.75
M2_C1_KP6_T1_A_r05,KP6_T1,T1,M2,C1,A,5,numeric_wrong,,answer,False,1,0,0,37.95,36.55
M3_C2_KP5_T2_can_r05,KP5_T2,T2,M3,C2,can,5,correct,,answer,False,1,1,1,161.92,159.01
M3_C4_KP5_T3_can_r05,KP5_T3,T3,M3,C4,can,5,correct,strict,answer,False,1,1,1,51.16,49.4
M1_C3_KP6_T1_A_r05,KP6_T1,T1,M1,C3,A,5,code_error,,answer,False,0,0,0,17.14,16.84
M1_C4_KP6_T1_can_r05,KP6_T1,T1,M1,C4,can,5,correct,,answer,False,1,1,1,12.4,11.15
M2_C2_KP6_T1_can_r05,KP6_T1,T1,M2,C2,can,5,correct,,answer,False,1,1,1,56.83,55.53
M2_C4_KP6_T1_can_r05,KP6_T1,T1,M2,C4,can,5,correct,,answer,False,1,1,1,27.97,26.66
M1_C1_KP6_T2_A_r05,KP6_T2,T2,M1,C1,A,5,numeric_wrong,,answer,False,1,0,0,15.51,13.33
M3_C2_KP6_T1_can_r05,KP6_T1,T1,M3,C2,can,5,correct,,answer,False,1,1,1,76.7,75.41
M3_C4_KP6_T1_can_r05,KP6_T1,T1,M3,C4,can,5,correct,,answer,False,1,1,1,44.31,43.08
M3_C3_KP4_T3_A_r05,KP4_T3,T3,M3,C3,A,5,numeric_wrong,wrong,answer,False,1,0,0,28.08,27.75
M1_C2_KP6_T2_can_r05,KP6_T2,T2,M1,C2,can,5,numeric_wrong,,answer,False,1,0,0,17.94,15.79
M3_C1_KP6_T1_A_r05,KP6_T1,T1,M3,C1,A,5,numeric_wrong,,answer,False,1,0,0,129.51,127.57
M2_C1_KP6_T2_A_r05,KP6_T2,T2,M2,C1,A,5,format_failure,,answer,False,0,0,0,35.4,35.38
M3_C3_KP5_T3_A_r05,KP5_T3,T3,M3,C3,A,5,numeric_wrong,wrong,answer,False,1,0,0,155.6,155.33
M1_C3_KP6_T2_A_r05,KP6_T2,T2,M1,C3,A,5,numeric_wrong,,answer,False,1,0,0,17.27,13.87
M3_C3_KP6_T1_A_r05,KP6_T1,T1,M3,C3,A,5,numeric_wrong,,answer,False,1,0,0,112.17,110.66
M3_C2_KP4_T3_can_r05,KP4_T3,T3,M3,C2,can,5,correct,strict,answer,False,1,1,1,90.62,88.89
M2_C3_KP6_T1_A_r05,KP6_T1,T1,M2,C3,A,5,numeric_wrong,,answer,False,1,0,0,121.44,119.78
M1_C4_KP6_T2_can_r05,KP6_T2,T2,M1,C4,can,5,correct,,answer,False,1,1,1,12.91,10.23
M1_C1_KP6_T3_A_r05,KP6_T3,T3,M1,C1,A,5,code_error,,answer,False,0,0,0,9.94,9.35
M2_C3_KP6_T2_A_r05,KP6_T2,T2,M2,C3,A,5,numeric_wrong,,answer,False,1,0,0,34.77,32.32
M2_C2_KP6_T2_can_r05,KP6_T2,T2,M2,C2,can,5,correct,,answer,False,1,1,1,56.24,53.69
M3_C1_KP6_T2_A_r05,KP6_T2,T2,M3,C1,A,5,numeric_wrong,,answer,False,1,0,0,77.75,74.85
M1_C2_KP6_T3_can_r05,KP6_T3,T3,M1,C2,can,5,correct,strict,answer,False,1,1,1,11.51,10.09
M3_C4_KP6_T2_can_r05,KP6_T2,T2,M3,C4,can,5,correct,,answer,False,1,1,1,27.78,25.57
M2_C4_KP6_T2_can_r05,KP6_T2,T2,M2,C4,can,5,correct,,answer,False,1,1,1,32.86,30.3
M3_C2_KP6_T2_can_r05,KP6_T2,T2,M3,C2,can,5,correct,,answer,False,1,1,1,55.39,53.02
M1_C3_KP6_T3_A_r05,KP6_T3,T3,M1,C3,A,5,code_error,,answer,False,0,0,0,10.91,9.77
M1_C4_KP6_T3_can_r05,KP6_T3,T3,M1,C4,can,5,correct,strict,answer,False,1,1,1,9.41,8.17
M3_C2_KP6_T3_can_r05,KP6_T3,T3,M3,C2,can,5,numeric_wrong,wrong,answer,False,1,0,0,19.14,17.96
M2_C4_KP6_T3_can_r05,KP6_T3,T3,M2,C4,can,5,correct,strict,answer,False,1,1,1,9.69,8.51
M2_C1_KP6_T3_A_r05,KP6_T3,T3,M2,C1,A,5,code_error,,answer,False,0,0,0,38.81,38.59
M2_C3_KP6_T3_A_r05,KP6_T3,T3,M2,C3,A,5,code_error,,answer,False,0,0,0,21.31,20.15
M1_C1_KP1_T1_B_r06,KP1_T1,T1,M1,C1,B,6,correct,,answer,False,1,1,1,13.41,12.24
M1_C2_KP1_T1_can_r06,KP1_T1,T1,M1,C2,can,6,correct,,answer,False,1,1,1,7.28,5.82
M3_C4_KP6_T3_can_r05,KP6_T3,T3,M3,C4,can,5,correct,strict,answer,False,1,1,1,26.99,25.85
M2_C2_KP1_T1_can_r06,KP1_T1,T1,M2,C2,can,6,correct,,answer,False,1,1,1,26.05,24.84
M1_C3_KP1_T1_B_r06,KP1_T1,T1,M1,C3,B,6,numeric_wrong,,answer,False,1,0,0,19.2,17.98
M3_C3_KP6_T3_A_r05,KP6_T3,T3,M3,C3,A,5,code_error,,answer,False,0,0,0,71.77,70.72
M1_C4_KP1_T1_can_r06,KP1_T1,T1,M1,C4,can,6,correct,,answer,False,1,1,1,6.72,5.43
M3_C2_KP1_T1_can_r06,KP1_T1,T1,M3,C2,can,6,correct,,answer,False,1,1,1,59.0,58.59
M2_C4_KP1_T1_can_r06,KP1_T1,T1,M2,C4,can,6,correct,,answer,False,1,1,1,21.33,20.17
M3_C4_KP1_T1_can_r06,KP1_T1,T1,M3,C4,can,6,correct,,answer,False,1,1,1,30.89,29.7
M2_C2_KP6_T3_can_r05,KP6_T3,T3,M2,C2,can,5,numeric_wrong,wrong,answer,False,1,0,0,125.46,124.43
M1_C1_KP1_T2_B_r06,KP1_T2,T2,M1,C1,B,6,numeric_wrong,,answer,False,1,0,0,21.7,20.57
M1_C2_KP1_T2_can_r06,KP1_T2,T2,M1,C2,can,6,numeric_wrong,,answer,False,1,0,0,16.2,14.36
M3_C1_KP6_T3_A_r05,KP6_T3,T3,M3,C1,A,5,numeric_wrong,wrong,answer,False,1,0,0,153.25,151.85
M3_C3_KP6_T2_A_r05,KP6_T2,T2,M3,C3,A,5,numeric_wrong,,answer,False,1,0,0,180.59,178.12
M1_C3_KP1_T2_B_r06,KP1_T2,T2,M1,C3,B,6,numeric_wrong,,answer,False,1,0,0,24.55,23.05
M3_C1_KP1_T1_B_r06,KP1_T1,T1,M3,C1,B,6,numeric_wrong,,answer,False,1,0,0,153.71,152.38
M2_C1_KP1_T2_B_r06,KP1_T2,T2,M2,C1,B,6,correct,,answer,False,1,1,1,65.71,64.03
M1_C4_KP1_T2_can_r06,KP1_T2,T2,M1,C4,can,6,correct,,answer,False,1,1,1,15.17,12.92
M3_C3_KP1_T2_B_r06,KP1_T2,T2,M3,C3,B,6,correct,,answer,False,1,1,1,37.8,36.03
M2_C3_KP1_T2_B_r06,KP1_T2,T2,M2,C3,B,6,correct,,answer,False,1,1,1,59.73,57.26
M2_C3_KP1_T1_B_r06,KP1_T1,T1,M2,C3,B,6,correct,,answer,False,1,1,1,171.53,170.31
M1_C1_KP1_T3_B_r06,KP1_T3,T3,M1,C1,B,6,numeric_wrong,wrong,answer,False,1,0,0,9.18,8.91
M2_C4_KP1_T2_can_r06,KP1_T2,T2,M2,C4,can,6,correct,,answer,False,1,1,1,43.59,41.74
M3_C2_KP1_T2_can_r06,KP1_T2,T2,M3,C2,can,6,correct,,answer,False,1,1,1,98.94,97.26
M3_C3_KP1_T1_B_r06,KP1_T1,T1,M3,C3,B,6,numeric_wrong,,answer,False,1,0,0,182.81,181.44
M1_C2_KP1_T3_can_r06,KP1_T3,T3,M1,C2,can,6,correct,strict,answer,False,1,1,1,7.2,6.71
M1_C3_KP1_T3_B_r06,KP1_T3,T3,M1,C3,B,6,numeric_wrong,wrong,answer,False,1,0,0,12.48,12.23
M2_C2_KP1_T3_can_r06,KP1_T3,T3,M2,C2,can,6,correct,strict,answer,False,1,1,1,19.87,19.47
M2_C1_KP1_T3_B_r06,KP1_T3,T3,M2,C1,B,6,numeric_wrong,wrong,answer,False,1,0,0,37.2,36.88
M3_C1_KP1_T2_B_r06,KP1_T2,T2,M3,C1,B,6,correct,,answer,False,1,1,1,144.73,142.83
M1_C4_KP1_T3_can_r06,KP1_T3,T3,M1,C4,can,6,correct,strict,answer,False,1,1,1,7.48,6.98
M3_C4_KP1_T3_can_r06,KP1_T3,T3,M3,C4,can,6,correct,strict,answer,False,1,1,1,11.39,10.76
M2_C3_KP1_T3_B_r06,KP1_T3,T3,M2,C3,B,6,correct,strict,answer,False,1,1,1,28.2,27.93
M2_C4_KP1_T3_can_r06,KP1_T3,T3,M2,C4,can,6,correct,strict,answer,False,1,1,1,23.42,23.05
M1_C1_KP2_T1_B_r06,KP2_T1,T1,M1,C1,B,6,numeric_wrong,,answer,False,1,0,0,8.22,8.04
M3_C3_KP1_T3_B_r06,KP1_T3,T3,M3,C3,B,6,numeric_wrong,wrong,answer,False,1,0,0,35.37,35.13
M1_C2_KP2_T1_can_r06,KP2_T1,T1,M1,C2,can,6,correct,,answer,False,1,1,1,7.89,7.43
M2_C1_KP2_T1_B_r06,KP2_T1,T1,M2,C1,B,6,numeric_wrong,,answer,False,1,0,0,13.79,13.59
M3_C1_KP1_T3_B_r06,KP1_T3,T3,M3,C1,B,6,numeric_wrong,wrong,answer,False,1,0,0,68.81,68.33
M1_C3_KP2_T1_B_r06,KP2_T1,T1,M1,C3,B,6,correct,,answer,False,1,1,1,7.78,7.54
M2_C2_KP1_T2_can_r06,KP1_T2,T2,M2,C2,can,6,correct,,answer,False,1,1,1,178.35,176.67
M3_C3_KP2_T1_B_r06,KP2_T1,T1,M3,C3,B,6,correct,,answer,False,1,1,1,13.41,13.23
M1_C4_KP2_T1_can_r06,KP2_T1,T1,M1,C4,can,6,correct,,answer,False,1,1,1,5.56,5.15
M2_C2_KP2_T1_can_r06,KP2_T1,T1,M2,C2,can,6,correct,,answer,False,1,1,1,26.31,25.93
M3_C2_KP2_T1_can_r06,KP2_T1,T1,M3,C2,can,6,correct,,answer,False,1,1,1,28.64,28.25
M3_C2_KP1_T3_can_r06,KP1_T3,T3,M3,C2,can,6,correct,strict,answer,False,1,1,1,83.54,83.15
M2_C3_KP2_T1_B_r06,KP2_T1,T1,M2,C3,B,6,correct,,answer,False,1,1,1,28.18,28.01
M1_C1_KP2_T2_B_r06,KP2_T2,T2,M1,C1,B,6,correct,,answer,False,1,1,1,13.58,12.31
M2_C4_KP2_T1_can_r06,KP2_T1,T1,M2,C4,can,6,correct,,answer,False,1,1,1,15.52,14.56
M1_C2_KP2_T2_can_r06,KP2_T2,T2,M1,C2,can,6,correct,,answer,False,1,1,1,14.02,12.06
M3_C1_KP2_T1_B_r06,KP2_T1,T1,M3,C1,B,6,numeric_wrong,,answer,False,1,0,0,64.53,64.24
M1_C3_KP2_T2_B_r06,KP2_T2,T2,M1,C3,B,6,correct,,answer,False,1,1,1,18.28,16.87
M3_C1_KP4_T3_A_r05,KP4_T3,T3,M3,C1,A,5,numeric_wrong,wrong,answer,False,1,0,0,166.48,166.19
M3_C4_KP2_T1_can_r06,KP2_T1,T1,M3,C4,can,6,correct,,answer,False,1,1,1,51.46,51.0
M2_C1_KP2_T2_B_r06,KP2_T2,T2,M2,C1,B,6,code_error,,answer,False,0,0,0,50.14,49.95
M3_C4_KP1_T2_can_r06,KP1_T2,T2,M3,C4,can,6,correct,,answer,False,1,1,1,167.81,166.24
M1_C4_KP2_T2_can_r06,KP2_T2,T2,M1,C4,can,6,correct,,answer,False,1,1,1,10.59,9.1
M1_C1_KP2_T3_B_r06,KP2_T3,T3,M1,C1,B,6,numeric_wrong,wrong,answer,False,1,0,0,8.48,8.19
M2_C2_KP2_T2_can_r06,KP2_T2,T2,M2,C2,can,6,correct,,answer,False,1,1,1,56.21,54.22
M2_C1_KP2_T3_B_r06,KP2_T3,T3,M2,C1,B,6,correct,strict,answer,False,1,1,1,9.49,9.18
M1_C2_KP2_T3_can_r06,KP2_T3,T3,M1,C2,can,6,numeric_wrong,wrong,answer,True,1,0,0,5.69,5.19
M3_C3_KP2_T2_B_r06,KP2_T2,T2,M3,C3,B,6,correct,,answer,False,1,1,1,39.4,37.73
M1_C3_KP2_T3_B_r06,KP2_T3,T3,M1,C3,B,6,numeric_wrong,wrong,answer,True,1,0,0,10.76,10.49
M2_C2_KP2_T3_can_r06,KP2_T3,T3,M2,C2,can,6,numeric_wrong,wrong,answer,True,1,0,0,24.42,23.94
M3_C1_KP2_T3_B_r06,KP2_T3,T3,M3,C1,B,6,correct,strict,answer,False,1,1,1,35.18,34.85
M3_C1_KP2_T2_B_r06,KP2_T2,T2,M3,C1,B,6,numeric_wrong,,answer,False,1,0,0,98.3,96.28
M1_C4_KP2_T3_can_r06,KP2_T3,T3,M1,C4,can,6,correct,strict,answer,False,1,1,1,4.71,4.31
M2_C4_KP2_T2_can_r06,KP2_T2,T2,M2,C4,can,6,correct,,answer,False,1,1,1,53.86,52.42
M2_C3_KP2_T2_B_r06,KP2_T2,T2,M2,C3,B,6,correct,,answer,False,1,1,1,82.7,80.24
M1_C1_KP3_T1_B_r06,KP3_T1,T1,M1,C1,B,6,correct,,answer,False,1,1,1,15.36,14.86
M2_C4_KP2_T3_can_r06,KP2_T3,T3,M2,C4,can,6,format_failure,,answer,False,1,0,0,19.94,19.56
M3_C4_KP2_T3_can_r06,KP2_T3,T3,M3,C4,can,6,correct,strict,answer,False,1,1,1,27.88,27.65
M3_C2_KP2_T3_can_r06,KP2_T3,T3,M3,C2,can,6,correct,strict,answer,False,1,1,1,64.02,63.63
M1_C2_KP3_T1_can_r06,KP3_T1,T1,M1,C2,can,6,correct,,answer,False,1,1,1,15.94,15.17
M1_C3_KP3_T1_B_r06,KP3_T1,T1,M1,C3,B,6,numeric_wrong,,answer,False,1,0,0,19.36,19.14
M2_C3_KP2_T3_B_r06,KP2_T3,T3,M2,C3,B,6,numeric_wrong,wrong,answer,True,1,0,0,73.96,73.81
M3_C2_KP3_T1_can_r06,KP3_T1,T1,M3,C2,can,6,correct,,answer,False,1,1,1,28.37,27.95
M1_C4_KP3_T1_can_r06,KP3_T1,T1,M1,C4,can,6,correct,,answer,False,1,1,1,7.14,6.67
M3_C4_KP2_T2_can_r06,KP2_T2,T2,M3,C4,can,6,correct,,answer,False,1,1,1,123.4,121.58
M3_C3_KP2_T3_B_r06,KP2_T3,T3,M3,C3,B,6,numeric_wrong,wrong,answer,True,1,0,0,85.42,85.27
M2_C2_KP3_T1_can_r06,KP3_T1,T1,M2,C2,can,6,correct,,answer,False,1,1,1,46.68,46.33
M2_C4_KP3_T1_can_r06,KP3_T1,T1,M2,C4,can,6,correct,,answer,False,1,1,1,20.12,19.72
M1_C1_KP3_T2_B_r06,KP3_T2,T2,M1,C1,B,6,correct,,answer,False,1,1,1,22.11,20.96
M3_C2_KP2_T2_can_r06,KP2_T2,T2,M3,C2,can,6,correct,,answer,False,1,1,1,199.18,197.85
M1_C2_KP3_T2_can_r06,KP3_T2,T2,M1,C2,can,6,numeric_wrong,,answer,False,1,0,0,23.67,22.21
M2_C3_KP3_T1_B_r06,KP3_T1,T1,M2,C3,B,6,correct,,answer,False,1,1,1,67.43,66.97
M1_C3_KP3_T2_B_r06,KP3_T2,T2,M1,C3,B,6,correct,,answer,False,1,1,1,19.63,18.48
M2_C2_KP3_T2_can_r06,KP3_T2,T2,M2,C2,can,6,numeric_wrong,,answer,False,1,0,0,35.93,34.55
M2_C1_KP3_T2_B_r06,KP3_T2,T2,M2,C1,B,6,correct,,answer,False,1,1,1,77.84,76.59
M2_C1_KP3_T1_B_r06,KP3_T1,T1,M2,C1,B,6,correct,,answer,False,1,1,1,142.91,142.75
M1_C4_KP3_T2_can_r06,KP3_T2,T2,M1,C4,can,6,correct,,answer,False,1,1,1,21.62,20.46
M3_C4_KP3_T1_can_r06,KP3_T1,T1,M3,C4,can,6,correct,,answer,False,1,1,1,100.0,99.62
M1_C1_KP3_T3_B_r06,KP3_T3,T3,M1,C1,B,6,numeric_wrong,wrong,answer,False,1,0,0,7.73,7.47
M2_C1_KP1_T1_B_r06,KP1_T1,T1,M2,C1,B,6,format_failure,,answer,False,0,0,0,291.06,291.05
M3_C2_KP3_T2_can_r06,KP3_T2,T2,M3,C2,can,6,correct,,answer,False,1,1,1,91.27,89.81
M2_C3_KP3_T2_B_r06,KP3_T2,T2,M2,C3,B,6,correct,,answer,False,1,1,1,74.78,73.5
M2_C4_KP3_T2_can_r06,KP3_T2,T2,M2,C4,can,6,code_error,,answer,False,0,0,0,68.65,67.61
M1_C2_KP3_T3_can_r06,KP3_T3,T3,M1,C2,can,6,numeric_wrong,wrong,answer,False,1,0,0,14.56,13.88
M1_C3_KP3_T3_B_r06,KP3_T3,T3,M1,C3,B,6,numeric_wrong,wrong,answer,False,1,0,0,11.22,10.89
M3_C1_KP3_T2_B_r06,KP3_T2,T2,M3,C1,B,6,correct,,answer,False,1,1,1,160.49,158.41
M3_C3_KP3_T3_B_r06,KP3_T3,T3,M3,C3,B,6,format_failure,,answer,False,0,0,0,23.4,23.39
M2_C1_KP3_T3_B_r06,KP3_T3,T3,M2,C1,B,6,format_failure,,answer,False,1,0,0,92.98,92.63
M1_C4_KP3_T3_can_r06,KP3_T3,T3,M1,C4,can,6,correct,strict,answer,False,1,1,1,7.39,7.03
M3_C1_KP3_T1_B_r06,KP3_T1,T1,M3,C1,B,6,format_failure,,answer,False,0,0,0,268.58,268.58
M2_C4_KP3_T3_can_r06,KP3_T3,T3,M2,C4,can,6,format_failure,,answer,False,1,0,0,15.34,14.89
M2_C2_KP3_T3_can_r06,KP3_T3,T3,M2,C2,can,6,numeric_wrong,wrong,answer,False,1,0,0,75.71,75.29
M3_C4_KP3_T2_can_r06,KP3_T2,T2,M3,C4,can,6,correct,,answer,False,1,1,1,122.14,120.53
M3_C3_KP3_T2_B_r06,KP3_T2,T2,M3,C3,B,6,correct,,answer,False,1,1,1,153.06,151.54
M1_C1_KP4_T1_B_r06,KP4_T1,T1,M1,C1,B,6,numeric_wrong,,answer,False,1,0,0,12.68,11.51
M1_C2_KP4_T1_can_r06,KP4_T1,T1,M1,C2,can,6,numeric_wrong,,answer,False,1,0,0,13.18,11.85
M3_C2_KP3_T3_can_r06,KP3_T3,T3,M3,C2,can,6,numeric_wrong,wrong,answer,False,1,0,0,90.69,90.19
M3_C4_KP3_T3_can_r06,KP3_T3,T3,M3,C4,can,6,correct,strict,answer,False,1,1,1,37.02,36.62
M1_C3_KP4_T1_B_r06,KP4_T1,T1,M1,C3,B,6,numeric_wrong,,answer,False,1,0,0,12.76,11.45
M1_C4_KP4_T1_can_r06,KP4_T1,T1,M1,C4,can,6,numeric_wrong,,answer,False,1,0,0,12.87,9.36
M2_C2_KP4_T1_can_r06,KP4_T1,T1,M2,C2,can,6,correct,,answer,False,1,1,1,36.28,34.13
M2_C4_KP4_T1_can_r06,KP4_T1,T1,M2,C4,can,6,correct,,answer,False,1,1,1,20.47,19.03
M2_C3_KP3_T3_B_r06,KP3_T3,T3,M2,C3,B,6,numeric_wrong,wrong,answer,False,1,0,0,113.06,112.58
M3_C2_KP4_T1_can_r06,KP4_T1,T1,M3,C2,can,6,correct,,answer,False,1,1,1,56.75,55.28
M1_C1_KP4_T2_B_r06,KP4_T2,T2,M1,C1,B,6,correct,,answer,False,1,1,1,13.83,11.62
M1_C2_KP4_T2_can_r06,KP4_T2,T2,M1,C2,can,6,correct,,answer,False,1,1,1,10.42,7.81
M3_C1_KP4_T2_B_r06,KP4_T2,T2,M3,C1,B,6,correct,,answer,False,1,1,1,16.7,12.97
M3_C1_KP4_T1_B_r06,KP4_T1,T1,M3,C1,B,6,numeric_wrong,,answer,False,1,0,0,78.71,78.42
M3_C4_KP4_T1_can_r06,KP4_T1,T1,M3,C4,can,6,correct,,answer,False,1,1,1,40.49,39.14
M2_C1_KP4_T2_B_r06,KP4_T2,T2,M2,C1,B,6,correct,,answer,False,1,1,1,29.33,26.29
M1_C3_KP4_T2_B_r06,KP4_T2,T2,M1,C3,B,6,correct,,answer,False,1,1,1,18.64,13.63
M2_C2_KP4_T2_can_r06,KP4_T2,T2,M2,C2,can,6,correct,,answer,False,1,1,1,28.31,23.83
M1_C4_KP4_T2_can_r06,KP4_T2,T2,M1,C4,can,6,correct,,answer,False,1,1,1,14.88,12.02
M2_C1_KP4_T1_B_r06,KP4_T1,T1,M2,C1,B,6,format_failure,,answer,False,0,0,0,109.86,109.84
M2_C3_KP4_T2_B_r06,KP4_T2,T2,M2,C3,B,6,numeric_wrong,,answer,False,1,0,0,39.7,37.1
M1_C1_KP4_T3_B_r06,KP4_T3,T3,M1,C1,B,6,numeric_wrong,wrong,answer,False,1,0,0,12.84,12.59
M3_C4_KP4_T2_can_r06,KP4_T2,T2,M3,C4,can,6,correct,,answer,False,1,1,1,31.36,27.58
M3_C2_KP4_T2_can_r06,KP4_T2,T2,M3,C2,can,6,correct,,answer,False,1,1,1,64.35,60.22
M1_C2_KP4_T3_can_r06,KP4_T3,T3,M1,C2,can,6,correct,strict,answer,False,1,1,1,8.44,6.25
M2_C4_KP4_T2_can_r06,KP4_T2,T2,M2,C4,can,6,correct,,answer,False,1,1,1,43.3,40.65
M2_C3_KP4_T1_B_r06,KP4_T1,T1,M2,C3,B,6,format_failure,,answer,False,0,0,0,124.45,124.44
M3_C1_KP3_T3_B_r06,KP3_T3,T3,M3,C1,B,6,numeric_wrong,wrong,answer,False,1,0,0,247.81,247.58
M1_C3_KP4_T3_B_r06,KP4_T3,T3,M1,C3,B,6,numeric_wrong,wrong,answer,False,1,0,0,17.41,17.26
M3_C3_KP4_T2_B_r06,KP4_T2,T2,M3,C3,B,6,correct,,answer,False,1,1,1,80.74,78.56
M1_C4_KP4_T3_can_r06,KP4_T3,T3,M1,C4,can,6,correct,strict,answer,False,1,1,1,9.96,8.72
M2_C2_KP4_T3_can_r06,KP4_T3,T3,M2,C2,can,6,correct,strict,answer,False,1,1,1,34.35,33.39
M2_C1_KP4_T3_B_r06,KP4_T3,T3,M2,C1,B,6,defensible,defensible,answer,True,1,0,1,58.05,57.84
M1_C1_KP5_T1_B_r06,KP5_T1,T1,M1,C1,B,6,numeric_wrong,,answer,False,1,0,0,10.57,10.38
M2_C4_KP4_T3_can_r06,KP4_T3,T3,M2,C4,can,6,correct,strict,answer,False,1,1,1,24.46,23.45
M3_C3_KP4_T1_B_r06,KP4_T1,T1,M3,C3,B,6,numeric_wrong,,answer,False,1,0,0,160.74,160.59
M1_C2_KP5_T1_can_r06,KP5_T1,T1,M1,C2,can,6,numeric_wrong,,answer,False,1,0,0,11.6,10.44
M2_C1_KP5_T1_B_r06,KP5_T1,T1,M2,C1,B,6,correct,,answer,False,1,1,1,23.79,23.65
M3_C2_KP5_T1_can_r06,KP5_T1,T1,M3,C2,can,6,code_error,,answer,False,0,0,0,10.0,9.07
M2_C2_KP5_T1_can_r06,KP5_T1,T1,M2,C2,can,6,correct,,answer,False,1,1,1,21.64,20.3
M1_C3_KP5_T1_B_r06,KP5_T1,T1,M1,C3,B,6,numeric_wrong,,answer,False,1,0,0,9.44,9.25
M3_C4_KP4_T3_can_r06,KP4_T3,T3,M3,C4,can,6,correct,strict,answer,False,1,1,1,43.99,43.06
M1_C4_KP5_T1_can_r06,KP5_T1,T1,M1,C4,can,6,correct,,answer,False,1,1,1,6.75,5.66
M2_C3_KP5_T1_B_r06,KP5_T1,T1,M2,C3,B,6,numeric_wrong,,answer,False,1,0,0,17.85,17.31
M3_C1_KP5_T1_B_r06,KP5_T1,T1,M3,C1,B,6,numeric_wrong,,answer,False,1,0,0,49.11,48.61
M1_C1_KP5_T2_B_r06,KP5_T2,T2,M1,C1,B,6,numeric_wrong,,answer,False,1,0,0,12.09,10.22
M2_C4_KP5_T1_can_r06,KP5_T1,T1,M2,C4,can,6,correct,,answer,False,1,1,1,28.32,27.25
M3_C3_KP5_T1_B_r06,KP5_T1,T1,M3,C3,B,6,numeric_wrong,,answer,False,1,0,0,41.01,40.71
M1_C2_KP5_T2_can_r06,KP5_T2,T2,M1,C2,can,6,numeric_wrong,,answer,False,1,0,0,18.39,15.11
M3_C4_KP5_T1_can_r06,KP5_T1,T1,M3,C4,can,6,correct,,answer,False,1,1,1,39.2,37.74
M2_C3_KP4_T3_B_r06,KP4_T3,T3,M2,C3,B,6,defensible,defensible,answer,True,1,0,1,109.9,108.75
M1_C3_KP5_T2_B_r06,KP5_T2,T2,M1,C3,B,6,numeric_wrong,,answer,False,1,0,0,12.59,10.34
M2_C1_KP5_T2_B_r06,KP5_T2,T2,M2,C1,B,6,code_error,,answer,False,0,0,0,58.79,55.93
M3_C1_KP5_T2_B_r06,KP5_T2,T2,M3,C1,B,6,correct,,answer,False,1,1,1,63.03,59.67
M1_C4_KP5_T2_can_r06,KP5_T2,T2,M1,C4,can,6,correct,,answer,False,1,1,1,19.69,12.07
M2_C3_KP5_T2_B_r06,KP5_T2,T2,M2,C3,B,6,correct,,answer,False,1,1,1,48.27,42.26
M1_C1_KP5_T3_B_r06,KP5_T3,T3,M1,C1,B,6,numeric_wrong,wrong,answer,False,1,0,0,6.31,5.95
M3_C2_KP5_T2_can_r06,KP5_T2,T2,M3,C2,can,6,correct,,answer,False,1,1,1,62.25,58.83
M3_C2_KP4_T3_can_r06,KP4_T3,T3,M3,C2,can,6,defensible,defensible,answer,True,1,0,1,176.83,174.75
M3_C3_KP3_T1_B_r06,KP3_T1,T1,M3,C3,B,6,numeric_wrong,,answer,False,1,0,0,239.94,239.5
M1_C2_KP5_T3_can_r06,KP5_T3,T3,M1,C2,can,6,numeric_wrong,wrong,answer,False,1,0,0,7.81,5.28
M2_C2_KP5_T2_can_r06,KP5_T2,T2,M2,C2,can,6,code_error,,answer,False,0,0,0,80.38,76.84
M2_C4_KP5_T2_can_r06,KP5_T2,T2,M2,C4,can,6,correct,,answer,False,1,1,1,37.29,33.92
M1_C3_KP5_T3_B_r06,KP5_T3,T3,M1,C3,B,6,correct,strict,answer,False,1,1,1,5.29,5.06
M2_C2_KP5_T3_can_r06,KP5_T3,T3,M2,C2,can,6,correct,strict,answer,False,1,1,1,27.12,25.65
M3_C4_KP5_T2_can_r06,KP5_T2,T2,M3,C4,can,6,correct,,answer,False,1,1,1,49.62,46.89
M3_C2_KP5_T3_can_r06,KP5_T3,T3,M3,C2,can,6,correct,strict,answer,False,1,1,1,28.32,26.73
M1_C4_KP5_T3_can_r06,KP5_T3,T3,M1,C4,can,6,correct,strict,answer,False,1,1,1,6.79,5.45
M2_C3_KP5_T3_B_r06,KP5_T3,T3,M2,C3,B,6,correct,strict,answer,False,1,1,1,24.74,24.53
M3_C3_KP5_T2_B_r06,KP5_T2,T2,M3,C3,B,6,numeric_wrong,,answer,False,1,0,0,93.08,90.21
M2_C4_KP5_T3_can_r06,KP5_T3,T3,M2,C4,can,6,correct,strict,answer,False,1,1,1,12.52,11.21
M3_C1_KP5_T3_B_r06,KP5_T3,T3,M3,C1,B,6,correct,strict,answer,False,1,1,1,48.31,48.04
M3_C4_KP5_T3_can_r06,KP5_T3,T3,M3,C4,can,6,correct,strict,answer,False,1,1,1,20.7,19.38
M1_C1_KP6_T1_B_r06,KP6_T1,T1,M1,C1,B,6,code_error,,answer,False,0,0,0,19.08,18.87
M1_C2_KP6_T1_can_r06,KP6_T1,T1,M1,C2,can,6,numeric_wrong,,answer,False,1,0,0,14.19,12.8
M3_C3_KP5_T3_B_r06,KP5_T3,T3,M3,C3,B,6,correct,strict,answer,False,1,1,1,53.47,53.15
M3_C2_KP6_T1_can_r06,KP6_T1,T1,M3,C2,can,6,correct,,answer,False,1,1,1,21.57,20.26
M1_C3_KP6_T1_B_r06,KP6_T1,T1,M1,C3,B,6,numeric_wrong,,answer,False,1,0,0,21.05,20.87
M2_C2_KP6_T1_can_r06,KP6_T1,T1,M2,C2,can,6,correct,,answer,False,1,1,1,33.04,31.02
M1_C4_KP6_T1_can_r06,KP6_T1,T1,M1,C4,can,6,correct,,answer,False,1,1,1,12.79,11.51
M1_C1_KP6_T2_B_r06,KP6_T2,T2,M1,C1,B,6,format_failure,,answer,False,0,0,0,3.14,3.13
M2_C1_KP5_T3_B_r06,KP5_T3,T3,M2,C1,B,6,correct,strict,answer,False,1,1,1,131.83,130.61
M2_C1_KP6_T1_B_r06,KP6_T1,T1,M2,C1,B,6,numeric_wrong,,answer,False,1,0,0,99.49,99.24
M2_C1_KP6_T2_B_r06,KP6_T2,T2,M2,C1,B,6,code_error,,answer,False,0,0,0,59.98,58.14
M1_C2_KP6_T2_can_r06,KP6_T2,T2,M1,C2,can,6,correct,,answer,False,1,1,1,18.53,16.15
M2_C4_KP6_T1_can_r06,KP6_T1,T1,M2,C4,can,6,correct,,answer,False,1,1,1,86.09,84.66
M3_C1_KP6_T2_B_r06,KP6_T2,T2,M3,C1,B,6,numeric_wrong,,answer,False,1,0,0,47.41,44.86
M1_C3_KP6_T2_B_r06,KP6_T2,T2,M1,C3,B,6,code_error,,answer,False,0,0,0,13.69,11.79
M2_C3_KP6_T1_B_r06,KP6_T1,T1,M2,C3,B,6,numeric_wrong,,answer,False,1,0,0,125.72,124.42
M3_C1_KP6_T1_B_r06,KP6_T1,T1,M3,C1,B,6,numeric_wrong,,answer,False,1,0,0,141.28,139.84
M2_C2_KP6_T2_can_r06,KP6_T2,T2,M2,C2,can,6,correct,,answer,False,1,1,1,45.35,43.08
M3_C3_KP6_T2_B_r06,KP6_T2,T2,M3,C3,B,6,numeric_wrong,,answer,False,1,0,0,20.85,18.46
M1_C4_KP6_T2_can_r06,KP6_T2,T2,M1,C4,can,6,numeric_wrong,,answer,False,1,0,0,13.99,11.85
M3_C4_KP6_T1_can_r06,KP6_T1,T1,M3,C4,can,6,correct,,answer,False,1,1,1,117.33,116.04
M1_C1_KP6_T3_B_r06,KP6_T3,T3,M1,C1,B,6,code_error,,answer,False,0,0,0,10.96,10.5
M2_C3_KP6_T2_B_r06,KP6_T2,T2,M2,C3,B,6,code_error,,answer,False,0,0,0,37.89,36.11
M1_C2_KP6_T3_can_r06,KP6_T3,T3,M1,C2,can,6,correct,strict,answer,False,1,1,1,12.46,11.1
M2_C1_KP6_T3_B_r06,KP6_T3,T3,M2,C1,B,6,numeric_wrong,wrong,answer,False,1,0,0,27.3,26.07
M2_C2_KP6_T3_can_r06,KP6_T3,T3,M2,C2,can,6,numeric_wrong,wrong,answer,False,1,0,0,19.91,17.98
M3_C3_KP6_T1_B_r06,KP6_T1,T1,M3,C3,B,6,numeric_wrong,,answer,False,1,0,0,156.9,155.83
M1_C3_KP6_T3_B_r06,KP6_T3,T3,M1,C3,B,6,code_error,,answer,False,0,0,0,10.48,10.1
M3_C2_KP6_T3_can_r06,KP6_T3,T3,M3,C2,can,6,correct,strict,answer,False,1,1,1,17.95,16.72
M2_C4_KP6_T2_can_r06,KP6_T2,T2,M2,C4,can,6,correct,,answer,False,1,1,1,50.6,48.3
M3_C4_KP6_T2_can_r06,KP6_T2,T2,M3,C4,can,6,correct,,answer,False,1,1,1,42.71,40.49
M1_C4_KP6_T3_can_r06,KP6_T3,T3,M1,C4,can,6,correct,strict,answer,False,1,1,1,6.64,5.35
M3_C1_KP6_T3_B_r06,KP6_T3,T3,M3,C1,B,6,numeric_wrong,wrong,answer,False,1,0,0,46.51,45.22
M3_C1_KP4_T3_B_r06,KP4_T3,T3,M3,C1,B,6,numeric_wrong,wrong,answer,False,1,0,0,122.53,122.35
M1_C1_KP1_T1_B_r07,KP1_T1,T1,M1,C1,B,7,numeric_wrong,,answer,False,1,0,0,13.64,12.31
M2_C3_KP6_T3_B_r06,KP6_T3,T3,M2,C3,B,6,format_failure,,answer,False,0,0,0,20.33,20.32
M1_C2_KP1_T1_can_r07,KP1_T1,T1,M1,C2,can,7,correct,,answer,False,1,1,1,7.63,6.0
M3_C2_KP6_T2_can_r06,KP6_T2,T2,M3,C2,can,6,correct,,answer,False,1,1,1,107.79,105.65
M2_C2_KP1_T1_can_r07,KP1_T1,T1,M2,C2,can,7,correct,,answer,False,1,1,1,19.34,18.14
M3_C3_KP6_T3_B_r06,KP6_T3,T3,M3,C3,B,6,code_error,,answer,False,0,0,0,35.67,34.53
M2_C4_KP6_T3_can_r06,KP6_T3,T3,M2,C4,can,6,correct,strict,answer,False,1,1,1,33.65,32.5
M1_C4_KP1_T1_can_r07,KP1_T1,T1,M1,C4,can,7,correct,,answer,False,1,1,1,6.93,5.37
M1_C3_KP1_T1_B_r07,KP1_T1,T1,M1,C3,B,7,numeric_wrong,,answer,False,1,0,0,27.65,26.2
M2_C4_KP1_T1_can_r07,KP1_T1,T1,M2,C4,can,7,format_failure,,answer,False,1,0,0,16.32,15.9
M3_C4_KP6_T3_can_r06,KP6_T3,T3,M3,C4,can,6,correct,strict,answer,False,1,1,1,53.42,52.24
M3_C3_KP4_T3_B_r06,KP4_T3,T3,M3,C3,B,6,numeric_wrong,wrong,answer,False,1,0,0,136.31,136.06
M1_C1_KP1_T2_B_r07,KP1_T2,T2,M1,C1,B,7,numeric_wrong,,answer,False,1,0,0,18.58,16.71
M1_C2_KP1_T2_can_r07,KP1_T2,T2,M1,C2,can,7,correct,,answer,False,1,1,1,15.36,13.09
M3_C4_KP1_T1_can_r07,KP1_T1,T1,M3,C4,can,7,correct,,answer,False,1,1,1,45.33,44.53
M2_C3_KP1_T1_B_r07,KP1_T1,T1,M2,C3,B,7,numeric_wrong,,answer,False,1,0,0,58.08,56.37
M3_C2_KP1_T1_can_r07,KP1_T1,T1,M3,C2,can,7,correct,,answer,False,1,1,1,81.67,80.6
M1_C3_KP1_T2_B_r07,KP1_T2,T2,M1,C3,B,7,numeric_wrong,,answer,False,1,0,0,22.84,21.58
M1_C4_KP1_T2_can_r07,KP1_T2,T2,M1,C4,can,7,correct,,answer,False,1,1,1,13.81,12.27
M2_C3_KP1_T2_B_r07,KP1_T2,T2,M2,C3,B,7,correct,,answer,False,1,1,1,44.22,42.67
M2_C1_KP1_T2_B_r07,KP1_T2,T2,M2,C1,B,7,correct,,answer,False,1,1,1,82.58,81.15
M3_C3_KP1_T1_B_r07,KP1_T1,T1,M3,C3,B,7,code_error,,answer,False,0,0,0,102.52,102.37
M2_C1_KP1_T3_B_r07,KP1_T3,T3,M2,C1,B,7,numeric_wrong,wrong,answer,False,1,0,0,5.35,5.15
M1_C1_KP1_T3_B_r07,KP1_T3,T3,M1,C1,B,7,numeric_wrong,wrong,answer,False,1,0,0,12.31,12.13
M1_C2_KP1_T3_can_r07,KP1_T3,T3,M1,C2,can,7,correct,strict,answer,False,1,1,1,6.93,6.46
M2_C2_KP1_T3_can_r07,KP1_T3,T3,M2,C2,can,7,format_failure,,answer,False,1,0,0,14.68,14.28
M2_C2_KP1_T2_can_r07,KP1_T2,T2,M2,C2,can,7,correct,,answer,False,1,1,1,118.16,116.35
M1_C3_KP1_T3_B_r07,KP1_T3,T3,M1,C3,B,7,numeric_wrong,wrong,answer,False,1,0,0,13.35,13.06
M2_C4_KP1_T2_can_r07,KP1_T2,T2,M2,C4,can,7,correct,,answer,False,1,1,1,81.84,79.1
M3_C1_KP1_T2_B_r07,KP1_T2,T2,M3,C1,B,7,correct,,answer,False,1,1,1,143.82,142.29
M1_C4_KP1_T3_can_r07,KP1_T3,T3,M1,C4,can,7,correct,strict,answer,False,1,1,1,7.81,7.29
M2_C4_KP1_T3_can_r07,KP1_T3,T3,M2,C4,can,7,format_failure,,answer,False,0,0,0,4.92,4.91
M3_C4_KP1_T3_can_r07,KP1_T3,T3,M3,C4,can,7,correct,strict,answer,False,1,1,1,13.91,13.45
M1_C1_KP2_T1_B_r07,KP2_T1,T1,M1,C1,B,7,numeric_wrong,,answer,False,1,0,0,7.86,7.61
M3_C3_KP1_T3_B_r07,KP1_T3,T3,M3,C3,B,7,numeric_wrong,wrong,answer,False,1,0,0,62.76,62.52
M2_C1_KP2_T1_B_r07,KP2_T1,T1,M2,C1,B,7,correct,,answer,False,1,1,1,30.39,30.19
M3_C2_KP1_T2_can_r07,KP1_T2,T2,M3,C2,can,7,correct,,answer,False,1,1,1,188.97,187.16
M3_C1_KP1_T3_B_r07,KP1_T3,T3,M3,C1,B,7,numeric_wrong,wrong,answer,False,1,0,0,124.47,124.31
M1_C2_KP2_T1_can_r07,KP2_T1,T1,M1,C2,can,7,correct,,answer,False,1,1,1,7.89,7.55
M1_C3_KP2_T1_B_r07,KP2_T1,T1,M1,C3,B,7,correct,,answer,False,1,1,1,7.87,7.64
M3_C2_KP1_T3_can_r07,KP1_T3,T3,M3,C2,can,7,correct,strict,answer,False,1,1,1,117.0,116.56
M3_C1_KP2_T1_B_r07,KP2_T1,T1,M3,C1,B,7,correct,,answer,False,1,1,1,25.44,25.25
M3_C3_KP1_T2_B_r07,KP1_T2,T2,M3,C3,B,7,correct,,answer,False,1,1,1,193.61,192.22
M1_C4_KP2_T1_can_r07,KP2_T1,T1,M1,C4,can,7,correct,,answer,False,1,1,1,5.35,4.94
M2_C3_KP2_T1_B_r07,KP2_T1,T1,M2,C3,B,7,correct,,answer,False,1,1,1,14.12,13.93
M2_C2_KP2_T1_can_r07,KP2_T1,T1,M2,C2,can,7,correct,,answer,False,1,1,1,30.52,29.05
M3_C2_KP2_T1_can_r07,KP2_T1,T1,M3,C2,can,7,correct,,answer,False,1,1,1,31.91,31.5
M1_C1_KP2_T2_B_r07,KP2_T2,T2,M1,C1,B,7,correct,,answer,False,1,1,1,13.88,12.23
M2_C1_KP1_T1_B_r07,KP1_T1,T1,M2,C1,B,7,format_failure,,answer,False,0,0,0,295.44,295.43
M2_C4_KP2_T1_can_r07,KP2_T1,T1,M2,C4,can,7,correct,,answer,False,1,1,1,18.67,18.17
M3_C4_KP2_T1_can_r07,KP2_T1,T1,M3,C4,can,7,correct,,answer,False,1,1,1,19.56,19.08
M1_C2_KP2_T2_can_r07,KP2_T2,T2,M1,C2,can,7,correct,,answer,False,1,1,1,14.33,12.49
M1_C3_KP2_T2_B_r07,KP2_T2,T2,M1,C3,B,7,correct,,answer,False,1,1,1,14.84,13.47
M3_C3_KP2_T1_B_r07,KP2_T1,T1,M3,C3,B,7,correct,,answer,False,1,1,1,51.2,50.95
M1_C4_KP2_T2_can_r07,KP2_T2,T2,M1,C4,can,7,correct,,answer,False,1,1,1,10.87,9.38
M3_C1_KP1_T1_B_r07,KP1_T1,T1,M3,C1,B,7,correct,,answer,False,1,1,1,26.06,24.8
M2_C2_KP2_T2_can_r07,KP2_T2,T2,M2,C2,can,7,correct,,answer,False,1,1,1,44.83,43.51
M1_C1_KP2_T3_B_r07,KP2_T3,T3,M1,C1,B,7,numeric_wrong,wrong,answer,True,1,0,0,8.98,8.77
M3_C4_KP2_T2_can_r07,KP2_T2,T2,M3,C4,can,7,correct,,answer,False,1,1,1,22.29,20.55
M3_C4_KP1_T2_can_r07,KP1_T2,T2,M3,C4,can,7,correct,,answer,False,1,1,1,245.49,243.66
M1_C2_KP2_T3_can_r07,KP2_T3,T3,M1,C2,can,7,numeric_wrong,wrong,answer,True,1,0,0,8.91,8.49
M2_C1_KP2_T3_B_r07,KP2_T3,T3,M2,C1,B,7,correct,strict,answer,False,1,1,1,29.17,29.0
M2_C4_KP2_T2_can_r07,KP2_T2,T2,M2,C4,can,7,correct,,answer,False,1,1,1,52.02,48.25
M3_C2_KP2_T2_can_r07,KP2_T2,T2,M3,C2,can,7,numeric_wrong,,answer,False,1,0,0,93.45,91.21
M1_C3_KP2_T3_B_r07,KP2_T3,T3,M1,C3,B,7,numeric_wrong,wrong,answer,True,1,0,0,12.47,12.28
M3_C3_KP2_T2_B_r07,KP2_T2,T2,M3,C3,B,7,code_error,,answer,False,0,0,0,92.53,90.45
M2_C3_KP2_T3_B_r07,KP2_T3,T3,M2,C3,B,7,numeric_wrong,wrong,answer,True,1,0,0,16.18,15.81
M2_C3_KP1_T3_B_r07,KP1_T3,T3,M2,C3,B,7,numeric_wrong,wrong,answer,False,1,0,0,221.95,221.74
M1_C4_KP2_T3_can_r07,KP2_T3,T3,M1,C4,can,7,correct,strict,answer,False,1,1,1,5.05,4.63
M2_C3_KP2_T2_B_r07,KP2_T2,T2,M2,C3,B,7,correct,,answer,False,1,1,1,104.63,102.9
M2_C4_KP2_T3_can_r07,KP2_T3,T3,M2,C4,can,7,correct,strict,answer,False,1,1,1,18.25,17.77
M1_C1_KP3_T1_B_r07,KP3_T1,T1,M1,C1,B,7,correct,,answer,False,1,1,1,15.73,15.34
M2_C2_KP2_T3_can_r07,KP2_T3,T3,M2,C2,can,7,correct,strict,answer,False,1,1,1,52.96,50.93
M1_C2_KP3_T1_can_r07,KP3_T1,T1,M1,C2,can,7,correct,,answer,False,1,1,1,17.81,16.77
M3_C4_KP2_T3_can_r07,KP2_T3,T3,M3,C4,can,7,correct,strict,answer,False,1,1,1,37.43,36.92
M2_C2_KP3_T1_can_r07,KP3_T1,T1,M2,C2,can,7,correct,,answer,False,1,1,1,21.25,20.75
M3_C1_KP2_T3_B_r07,KP2_T3,T3,M3,C1,B,7,correct,strict,answer,False,1,1,1,90.41,90.2
M3_C2_KP2_T3_can_r07,KP2_T3,T3,M3,C2,can,7,code_error,,answer,False,0,0,0,77.84,77.3
M3_C3_KP2_T3_B_r07,KP2_T3,T3,M3,C3,B,7,format_failure,,answer,False,0,0,0,60.67,60.65
M3_C2_KP3_T1_can_r07,KP3_T1,T1,M3,C2,can,7,format_failure,,answer,False,0,0,0,18.92,18.9
M1_C4_KP3_T1_can_r07,KP3_T1,T1,M1,C4,can,7,correct,,answer,False,1,1,1,12.25,11.75
M1_C3_KP3_T1_B_r07,KP3_T1,T1,M1,C3,B,7,numeric_wrong,,answer,False,1,0,0,23.23,22.98
M2_C1_KP2_T2_B_r07,KP2_T2,T2,M2,C1,B,7,numeric_wrong,,answer,False,1,0,0,185.87,183.0
M3_C1_KP2_T2_B_r07,KP2_T2,T2,M3,C1,B,7,numeric_wrong,,answer,False,1,0,0,184.62,182.77
M2_C4_KP3_T1_can_r07,KP3_T1,T1,M2,C4,can,7,correct,,answer,False,1,1,1,21.69,21.23
M1_C2_KP3_T2_can_r07,KP3_T2,T2,M1,C2,can,7,numeric_wrong,,answer,False,1,0,0,15.33,13.69
M1_C1_KP3_T2_B_r07,KP3_T2,T2,M1,C1,B,7,numeric_wrong,,answer,False,1,0,0,21.85,20.63
M1_C3_KP3_T2_B_r07,KP3_T2,T2,M1,C3,B,7,numeric_wrong,,answer,False,1,0,0,20.74,18.87
M2_C3_KP3_T2_B_r07,KP3_T2,T2,M2,C3,B,7,numeric_wrong,,answer,False,1,0,0,17.52,15.32
M2_C1_KP3_T2_B_r07,KP3_T2,T2,M2,C1,B,7,code_error,,answer,False,0,0,0,71.34,70.23
M3_C1_KP3_T2_B_r07,KP3_T2,T2,M3,C1,B,7,correct,,answer,False,1,1,1,77.74,76.15
M2_C1_KP3_T1_B_r07,KP3_T1,T1,M2,C1,B,7,correct,,answer,False,1,1,1,134.31,134.16
M2_C2_KP3_T2_can_r07,KP3_T2,T2,M2,C2,can,7,numeric_wrong,,answer,False,1,0,0,74.76,72.56
M1_C1_KP3_T3_B_r07,KP3_T3,T3,M1,C1,B,7,numeric_wrong,wrong,answer,False,1,0,0,8.31,8.02
M1_C4_KP3_T2_can_r07,KP3_T2,T2,M1,C4,can,7,correct,,answer,False,1,1,1,22.28,20.44
M2_C1_KP3_T3_B_r07,KP3_T3,T3,M2,C1,B,7,format_failure,,answer,False,0,0,0,2.72,2.7
M1_C2_KP3_T3_can_r07,KP3_T3,T3,M1,C2,can,7,numeric_wrong,wrong,answer,False,1,0,0,12.6,11.9
M3_C1_KP3_T3_B_r07,KP3_T3,T3,M3,C1,B,7,numeric_wrong,wrong,answer,False,1,0,0,24.21,23.88
M3_C4_KP3_T1_can_r07,KP3_T1,T1,M3,C4,can,7,correct,,answer,False,1,1,1,131.43,130.73
M1_C3_KP3_T3_B_r07,KP3_T3,T3,M1,C3,B,7,numeric_wrong,wrong,answer,False,1,0,0,13.38,13.07
M3_C1_KP3_T1_B_r07,KP3_T1,T1,M3,C1,B,7,numeric_wrong,,answer,False,1,0,0,208.16,207.93
M2_C4_KP3_T2_can_r07,KP3_T2,T2,M2,C4,can,7,correct,,answer,False,1,1,1,95.03,93.39
M1_C4_KP3_T3_can_r07,KP3_T3,T3,M1,C4,can,7,correct,strict,answer,False,1,1,1,7.42,6.97
M3_C2_KP3_T2_can_r07,KP3_T2,T2,M3,C2,can,7,code_error,,answer,False,0,0,0,161.07,160.9
M2_C3_KP3_T3_B_r07,KP3_T3,T3,M2,C3,B,7,format_failure,,answer,False,1,0,0,53.4,53.2
M3_C4_KP3_T3_can_r07,KP3_T3,T3,M3,C4,can,7,correct,strict,answer,False,1,1,1,17.76,17.34
M1_C1_KP4_T1_B_r07,KP4_T1,T1,M1,C1,B,7,numeric_wrong,,answer,False,1,0,0,12.07,11.01
M2_C4_KP3_T3_can_r07,KP3_T3,T3,M2,C4,can,7,format_failure,,answer,False,1,0,0,27.36,27.03
M1_C2_KP4_T1_can_r07,KP4_T1,T1,M1,C2,can,7,numeric_wrong,,answer,False,1,0,0,12.11,10.94
M3_C3_KP3_T1_B_r07,KP3_T1,T1,M3,C3,B,7,numeric_wrong,,answer,False,1,0,0,240.51,240.3
M2_C2_KP4_T1_can_r07,KP4_T1,T1,M2,C2,can,7,numeric_wrong,,answer,False,1,0,0,19.25,18.15
M3_C4_KP3_T2_can_r07,KP3_T2,T2,M3,C4,can,7,correct,,answer,False,1,1,1,163.12,161.75
M2_C2_KP3_T3_can_r07,KP3_T3,T3,M2,C2,can,7,numeric_wrong,wrong,answer,False,1,0,0,137.58,137.14
M3_C3_KP3_T3_B_r07,KP3_T3,T3,M3,C3,B,7,numeric_wrong,wrong,answer,False,1,0,0,79.6,79.4
M1_C3_KP4_T1_B_r07,KP4_T1,T1,M1,C3,B,7,numeric_wrong,,answer,False,1,0,0,13.36,12.05
M1_C4_KP4_T1_can_r07,KP4_T1,T1,M1,C4,can,7,correct,,answer,False,1,1,1,12.96,11.67
M3_C2_KP3_T3_can_r07,KP3_T3,T3,M3,C2,can,7,numeric_wrong,wrong,answer,False,1,0,0,161.72,161.3
M1_C1_KP4_T2_B_r07,KP4_T2,T2,M1,C1,B,7,correct,,answer,False,1,1,1,12.95,11.29
M3_C4_KP4_T1_can_r07,KP4_T1,T1,M3,C4,can,7,correct,,answer,False,1,1,1,43.32,42.17
M3_C3_KP3_T2_B_r07,KP3_T2,T2,M3,C3,B,7,correct,,answer,False,1,1,1,254.25,252.88
M1_C2_KP4_T2_can_r07,KP4_T2,T2,M1,C2,can,7,correct,,answer,False,1,1,1,11.28,8.82
M2_C4_KP4_T1_can_r07,KP4_T1,T1,M2,C4,can,7,correct,,answer,False,1,1,1,72.09,70.93
M3_C2_KP4_T1_can_r07,KP4_T1,T1,M3,C2,can,7,correct,,answer,False,1,1,1,100.85,99.6
M3_C3_KP4_T1_B_r07,KP4_T1,T1,M3,C3,B,7,numeric_wrong,,answer,False,1,0,0,85.03,84.76
M3_C1_KP4_T1_B_r07,KP4_T1,T1,M3,C1,B,7,numeric_wrong,,answer,False,1,0,0,126.51,126.33
M1_C3_KP4_T2_B_r07,KP4_T2,T2,M1,C3,B,7,correct,,answer,False,1,1,1,16.61,13.9
M2_C3_KP4_T1_B_r07,KP4_T1,T1,M2,C3,B,7,correct,,answer,False,1,1,1,97.27,97.03
M2_C2_KP4_T2_can_r07,KP4_T2,T2,M2,C2,can,7,correct,,answer,False,1,1,1,29.06,26.07
M3_C1_KP4_T2_B_r07,KP4_T2,T2,M3,C1,B,7,correct,,answer,False,1,1,1,48.2,45.07
M1_C4_KP4_T2_can_r07,KP4_T2,T2,M1,C4,can,7,correct,,answer,False,1,1,1,14.13,11.78
M2_C4_KP4_T2_can_r07,KP4_T2,T2,M2,C4,can,7,correct,,answer,False,1,1,1,16.6,13.97
M2_C1_KP4_T2_B_r07,KP4_T2,T2,M2,C1,B,7,correct,,answer,False,1,1,1,66.61,64.21
M1_C1_KP4_T3_B_r07,KP4_T3,T3,M1,C1,B,7,numeric_wrong,wrong,answer,False,1,0,0,11.89,11.61
M2_C3_KP4_T2_B_r07,KP4_T2,T2,M2,C3,B,7,correct,,answer,False,1,1,1,39.26,36.85
M1_C2_KP4_T3_can_r07,KP4_T3,T3,M1,C2,can,7,correct,strict,answer,False,1,1,1,16.05,14.62
M2_C1_KP4_T3_B_r07,KP4_T3,T3,M2,C1,B,7,defensible,defensible,answer,True,1,0,1,37.15,36.73
M1_C3_KP4_T3_B_r07,KP4_T3,T3,M1,C3,B,7,numeric_wrong,wrong,answer,False,1,0,0,26.43,26.17
M3_C4_KP4_T2_can_r07,KP4_T2,T2,M3,C4,can,7,correct,,answer,False,1,1,1,54.84,52.38
M3_C1_KP4_T3_B_r07,KP4_T3,T3,M3,C1,B,7,numeric_wrong,wrong,answer,False,1,0,0,47.47,47.25
M1_C4_KP4_T3_can_r07,KP4_T3,T3,M1,C4,can,7,correct,strict,answer,False,1,1,1,11.18,9.29
M2_C2_KP4_T3_can_r07,KP4_T3,T3,M2,C2,can,7,correct,strict,answer,False,1,1,1,54.64,53.37
M2_C3_KP3_T1_B_r07,KP3_T1,T1,M2,C3,B,7,format_failure,,answer,False,0,0,0,120.83,120.81
M2_C4_KP4_T3_can_r07,KP4_T3,T3,M2,C4,can,7,correct,strict,answer,False,1,1,1,16.23,14.95
M1_C1_KP5_T1_B_r07,KP5_T1,T1,M1,C1,B,7,numeric_wrong,,answer,False,1,0,0,7.33,7.11
M1_C2_KP5_T1_can_r07,KP5_T1,T1,M1,C2,can,7,correct,,answer,False,1,1,1,7.56,6.23
M2_C1_KP5_T1_B_r07,KP5_T1,T1,M2,C1,B,7,numeric_wrong,,answer,False,1,0,0,13.98,13.75
M2_C3_KP4_T3_B_r07,KP4_T3,T3,M2,C3,B,7,defensible,defensible,answer,True,1,0,1,59.19,58.91
M3_C4_KP4_T3_can_r07,KP4_T3,T3,M3,C4,can,7,correct,strict,answer,False,1,1,1,41.58,40.22
M2_C2_KP5_T1_can_r07,KP5_T1,T1,M2,C2,can,7,correct,,answer,False,1,1,1,31.25,29.97
M1_C3_KP5_T1_B_r07,KP5_T1,T1,M1,C3,B,7,numeric_wrong,,answer,False,1,0,0,8.91,8.69
M2_C1_KP4_T1_B_r07,KP4_T1,T1,M2,C1,B,7,numeric_wrong,,answer,False,1,0,0,258.21,258.01
M3_C1_KP5_T1_B_r07,KP5_T1,T1,M3,C1,B,7,numeric_wrong,,answer,False,1,0,0,43.21,43.03
M1_C4_KP5_T1_can_r07,KP5_T1,T1,M1,C4,can,7,correct,,answer,False,1,1,1,6.66,5.49
M2_C3_KP5_T1_B_r07,KP5_T1,T1,M2,C3,B,7,format_failure,,answer,False,0,0,0,21.28,21.27
M1_C1_KP5_T2_B_r07,KP5_T2,T2,M1,C1,B,7,numeric_wrong,,answer,False,1,0,0,12.51,10.42
M3_C2_KP4_T2_can_r07,KP4_T2,T2,M3,C2,can,7,correct,,answer,False,1,1,1,157.11,154.79
M3_C3_KP4_T2_B_r07,KP4_T2,T2,M3,C3,B,7,correct,,answer,False,1,1,1,146.97,144.47
M1_C2_KP5_T2_can_r07,KP5_T2,T2,M1,C2,can,7,numeric_wrong,,answer,False,1,0,0,14.22,12.17
M2_C4_KP5_T1_can_r07,KP5_T1,T1,M2,C4,can,7,correct,,answer,False,1,1,1,39.56,36.89
M3_C2_KP5_T1_can_r07,KP5_T1,T1,M3,C2,can,7,code_error,,answer,False,0,0,0,72.55,71.42
M3_C4_KP5_T1_can_r07,KP5_T1,T1,M3,C4,can,7,correct,,answer,False,1,1,1,43.3,42.2
M3_C3_KP5_T1_B_r07,KP5_T1,T1,M3,C3,B,7,numeric_wrong,,answer,False,1,0,0,47.69,47.53
M1_C3_KP5_T2_B_r07,KP5_T2,T2,M1,C3,B,7,numeric_wrong,,answer,False,1,0,0,11.99,10.05
M2_C2_KP5_T2_can_r07,KP5_T2,T2,M2,C2,can,7,code_error,,answer,False,0,0,0,37.1,35.07
M3_C1_KP5_T2_B_r07,KP5_T2,T2,M3,C1,B,7,correct,,answer,False,1,1,1,42.22,40.35
M1_C4_KP5_T2_can_r07,KP5_T2,T2,M1,C4,can,7,correct,,answer,False,1,1,1,14.51,11.8
M1_C1_KP5_T3_B_r07,KP5_T3,T3,M1,C1,B,7,numeric_wrong,wrong,answer,False,1,0,0,5.87,5.69
M3_C2_KP5_T2_can_r07,KP5_T2,T2,M3,C2,can,7,correct,,answer,False,1,1,1,34.38,32.38
M1_C2_KP5_T3_can_r07,KP5_T3,T3,M1,C2,can,7,numeric_wrong,wrong,answer,False,1,0,0,6.69,5.54
M2_C1_KP5_T2_B_r07,KP5_T2,T2,M2,C1,B,7,correct,,answer,False,1,1,1,65.41,63.32
M2_C1_KP5_T3_B_r07,KP5_T3,T3,M2,C1,B,7,format_failure,,answer,False,0,0,0,20.47,20.45
M3_C2_KP4_T3_can_r07,KP4_T3,T3,M3,C2,can,7,defensible,defensible,answer,True,1,0,1,173.62,172.39
M1_C3_KP5_T3_B_r07,KP5_T3,T3,M1,C3,B,7,correct,strict,answer,False,1,1,1,5.67,5.48
M3_C1_KP5_T3_B_r07,KP5_T3,T3,M3,C1,B,7,correct,strict,answer,False,1,1,1,27.27,27.08
M2_C2_KP5_T3_can_r07,KP5_T3,T3,M2,C2,can,7,correct,strict,answer,False,1,1,1,22.83,21.76
M1_C4_KP5_T3_can_r07,KP5_T3,T3,M1,C4,can,7,correct,strict,answer,False,1,1,1,5.79,4.74
M2_C3_KP5_T2_B_r07,KP5_T2,T2,M2,C3,B,7,numeric_wrong,,answer,False,1,0,0,63.83,61.82
M3_C4_KP5_T2_can_r07,KP5_T2,T2,M3,C4,can,7,correct,,answer,False,1,1,1,54.5,52.28
M2_C4_KP5_T2_can_r07,KP5_T2,T2,M2,C4,can,7,correct,,answer,False,1,1,1,61.94,59.55
M3_C3_KP5_T2_B_r07,KP5_T2,T2,M3,C3,B,7,numeric_wrong,,answer,False,1,0,0,66.6,64.24
M3_C2_KP5_T3_can_r07,KP5_T3,T3,M3,C2,can,7,correct,strict,answer,False,1,1,1,37.86,36.59
M2_C3_KP5_T3_B_r07,KP5_T3,T3,M2,C3,B,7,format_failure,,answer,False,1,0,0,35.53,35.33
M1_C2_KP6_T1_can_r07,KP6_T1,T1,M1,C2,can,7,numeric_wrong,,answer,False,1,0,0,11.2,10.09
M2_C4_KP5_T3_can_r07,KP5_T3,T3,M2,C4,can,7,correct,strict,answer,False,1,1,1,33.99,32.94
M1_C1_KP6_T1_B_r07,KP6_T1,T1,M1,C1,B,7,numeric_wrong,,answer,False,1,0,0,27.24,26.09
M1_C3_KP6_T1_B_r07,KP6_T1,T1,M1,C3,B,7,numeric_wrong,,answer,False,1,0,0,18.94,17.86
M3_C4_KP5_T3_can_r07,KP5_T3,T3,M3,C4,can,7,correct,strict,answer,False,1,1,1,51.04,49.94
M1_C4_KP6_T1_can_r07,KP6_T1,T1,M1,C4,can,7,correct,,answer,False,1,1,1,12.33,11.16
M2_C2_KP6_T1_can_r07,KP6_T1,T1,M2,C2,can,7,numeric_wrong,,answer,False,1,0,0,37.82,36.75
M3_C3_KP5_T3_B_r07,KP5_T3,T3,M3,C3,B,7,correct,strict,answer,False,1,1,1,66.22,65.16
M1_C1_KP6_T2_B_r07,KP6_T2,T2,M1,C1,B,7,numeric_wrong,,answer,False,1,0,0,12.8,10.9
M3_C1_KP6_T1_B_r07,KP6_T1,T1,M3,C1,B,7,numeric_wrong,,answer,False,1,0,0,68.74,67.57
M2_C1_KP6_T1_B_r07,KP6_T1,T1,M2,C1,B,7,numeric_wrong,,answer,False,1,0,0,72.11,71.04
M1_C2_KP6_T2_can_r07,KP6_T2,T2,M1,C2,can,7,correct,,answer,False,1,1,1,16.37,14.57
M2_C1_KP6_T2_B_r07,KP6_T2,T2,M2,C1,B,7,numeric_wrong,,answer,False,1,0,0,44.64,42.73
M3_C2_KP6_T1_can_r07,KP6_T1,T1,M3,C2,can,7,correct,,answer,False,1,1,1,79.35,78.31
M3_C1_KP6_T2_B_r07,KP6_T2,T2,M3,C1,B,7,numeric_wrong,,answer,False,1,0,0,40.77,38.78
M1_C3_KP6_T2_B_r07,KP6_T2,T2,M1,C3,B,7,format_failure,,answer,False,1,0,0,14.82,13.15
M2_C4_KP6_T1_can_r07,KP6_T1,T1,M2,C4,can,7,correct,,answer,False,1,1,1,66.97,66.0
M3_C4_KP6_T1_can_r07,KP6_T1,T1,M3,C4,can,7,correct,,answer,False,1,1,1,67.77,66.73
M3_C2_KP6_T2_can_r07,KP6_T2,T2,M3,C2,can,7,correct,,answer,False,1,1,1,26.48,24.66
M1_C4_KP6_T2_can_r07,KP6_T2,T2,M1,C4,can,7,numeric_wrong,,answer,False,1,0,0,12.78,11.03
M1_C1_KP6_T3_B_r07,KP6_T3,T3,M1,C1,B,7,code_error,,answer,False,0,0,0,10.68,10.27
M2_C1_KP6_T3_B_r07,KP6_T3,T3,M2,C1,B,7,numeric_wrong,wrong,answer,False,1,0,0,12.65,12.39
M2_C4_KP6_T2_can_r07,KP6_T2,T2,M2,C4,can,7,correct,,answer,False,1,1,1,27.11,24.46
M2_C2_KP6_T2_can_r07,KP6_T2,T2,M2,C2,can,7,correct,,answer,False,1,1,1,57.75,55.87
M1_C2_KP6_T3_can_r07,KP6_T3,T3,M1,C2,can,7,numeric_wrong,wrong,answer,True,1,0,0,9.91,8.8
M2_C3_KP6_T2_B_r07,KP6_T2,T2,M2,C3,B,7,numeric_wrong,,answer,False,1,0,0,43.98,41.97
M1_C3_KP6_T3_B_r07,KP6_T3,T3,M1,C3,B,7,format_failure,,answer,False,1,0,0,12.86,12.4
M2_C2_KP6_T3_can_r07,KP6_T3,T3,M2,C2,can,7,correct,strict,answer,False,1,1,1,21.89,20.79
M1_C4_KP6_T3_can_r07,KP6_T3,T3,M1,C4,can,7,correct,strict,answer,False,1,1,1,6.64,5.34
M3_C3_KP6_T1_B_r07,KP6_T1,T1,M3,C3,B,7,numeric_wrong,,answer,False,1,0,0,129.97,128.8
M2_C3_KP6_T3_B_r07,KP6_T3,T3,M2,C3,B,7,format_failure,,answer,False,0,0,0,23.52,23.51
M3_C1_KP6_T3_B_r07,KP6_T3,T3,M3,C1,B,7,code_error,,answer,False,0,0,0,37.89,36.86
M2_C3_KP6_T1_B_r07,KP6_T1,T1,M2,C3,B,7,numeric_wrong,,answer,False,1,0,0,142.67,141.57
M1_C1_KP1_T1_B_r08,KP1_T1,T1,M1,C1,B,8,numeric_wrong,,answer,False,1,0,0,14.15,13.09
M3_C4_KP6_T3_can_r07,KP6_T3,T3,M3,C4,can,7,correct,strict,answer,False,1,1,1,23.07,21.95
M1_C2_KP1_T1_can_r08,KP1_T1,T1,M1,C2,can,8,correct,,answer,False,1,1,1,7.8,6.45
M2_C4_KP6_T3_can_r07,KP6_T3,T3,M2,C4,can,7,correct,strict,answer,False,1,1,1,34.77,33.69
M3_C3_KP6_T3_B_r07,KP6_T3,T3,M3,C3,B,7,code_error,,answer,False,0,0,0,47.29,45.37
M2_C2_KP1_T1_can_r08,KP1_T1,T1,M2,C2,can,8,correct,,answer,False,1,1,1,17.91,16.62
M2_C1_KP1_T1_B_r08,KP1_T1,T1,M2,C1,B,8,correct,,answer,False,1,1,1,39.77,38.57
M3_C2_KP6_T3_can_r07,KP6_T3,T3,M3,C2,can,7,numeric_wrong,wrong,answer,False,1,0,0,70.92,69.86
M1_C4_KP1_T1_can_r08,KP1_T1,T1,M1,C4,can,8,correct,,answer,False,1,1,1,7.05,5.59
M1_C3_KP1_T1_B_r08,KP1_T1,T1,M1,C3,B,8,numeric_wrong,,answer,False,1,0,0,17.56,16.36
M2_C4_KP1_T1_can_r08,KP1_T1,T1,M2,C4,can,8,correct,,answer,False,1,1,1,15.97,14.78
M3_C3_KP1_T1_B_r08,KP1_T1,T1,M3,C3,B,8,format_failure,,answer,False,0,0,0,20.94,20.92
M3_C2_KP1_T1_can_r08,KP1_T1,T1,M3,C2,can,8,correct,,answer,False,1,1,1,39.58,38.39
M1_C1_KP1_T2_B_r08,KP1_T2,T2,M1,C1,B,8,numeric_wrong,,answer,False,1,0,0,20.62,19.44
M3_C4_KP6_T2_can_r07,KP6_T2,T2,M3,C4,can,7,correct,,answer,False,1,1,1,115.89,114.21
M1_C2_KP1_T2_can_r08,KP1_T2,T2,M1,C2,can,8,correct,,answer,False,1,1,1,15.89,14.24
M3_C3_KP6_T2_B_r07,KP6_T2,T2,M3,C3,B,7,numeric_wrong,,answer,False,1,0,0,143.45,141.54
M3_C4_KP1_T1_can_r08,KP1_T1,T1,M3,C4,can,8,correct,,answer,False,1,1,1,34.25,33.08
M3_C2_KP1_T2_can_r08,KP1_T2,T2,M3,C2,can,8,format_failure,,answer,False,0,0,0,23.45,23.44
M1_C3_KP1_T2_B_r08,KP1_T2,T2,M1,C3,B,8,numeric_wrong,,answer,False,1,0,0,21.9,20.68
M1_C4_KP1_T2_can_r08,KP1_T2,T2,M1,C4,can,8,correct,,answer,False,1,1,1,13.48,11.85
M3_C3_KP4_T3_B_r07,KP4_T3,T3,M3,C3,B,7,numeric_wrong,wrong,answer,False,1,0,0,132.07,131.83
M1_C1_KP1_T3_B_r08,KP1_T3,T3,M1,C1,B,8,numeric_wrong,wrong,answer,False,1,0,0,9.66,9.46
M3_C3_KP1_T2_B_r08,KP1_T2,T2,M3,C3,B,8,correct,,answer,False,1,1,1,60.82,59.41
M2_C3_KP1_T2_B_r08,KP1_T2,T2,M2,C3,B,8,correct,,answer,False,1,1,1,61.75,60.79
M2_C4_KP1_T2_can_r08,KP1_T2,T2,M2,C4,can,8,correct,,answer,False,1,1,1,54.88,52.89
M1_C2_KP1_T3_can_r08,KP1_T3,T3,M1,C2,can,8,correct,strict,answer,False,1,1,1,8.89,8.46
M2_C1_KP1_T2_B_r08,KP1_T2,T2,M2,C1,B,8,correct,,answer,False,1,1,1,97.65,96.57
M2_C1_KP1_T3_B_r08,KP1_T3,T3,M2,C1,B,8,correct,strict,answer,False,1,1,1,26.84,26.68
M2_C2_KP1_T2_can_r08,KP1_T2,T2,M2,C2,can,8,numeric_wrong,,answer,False,1,0,0,89.19,87.93
M1_C3_KP1_T3_B_r08,KP1_T3,T3,M1,C3,B,8,numeric_wrong,wrong,answer,False,1,0,0,13.44,13.18
M2_C2_KP1_T3_can_r08,KP1_T3,T3,M2,C2,can,8,format_failure,,answer,False,1,0,0,23.57,23.2
M1_C4_KP1_T3_can_r08,KP1_T3,T3,M1,C4,can,8,correct,strict,answer,False,1,1,1,7.06,6.77
M2_C3_KP1_T3_B_r08,KP1_T3,T3,M2,C3,B,8,format_failure,,answer,False,0,0,0,23.19,23.19
M3_C1_KP1_T1_B_r08,KP1_T1,T1,M3,C1,B,8,numeric_wrong,,answer,False,1,0,0,179.9,178.9
M1_C1_KP2_T1_B_r08,KP2_T1,T1,M1,C1,B,8,numeric_wrong,,answer,False,1,0,0,9.72,9.55
M2_C4_KP1_T3_can_r08,KP1_T3,T3,M2,C4,can,8,format_failure,,answer,False,1,0,0,20.16,19.84
M1_C2_KP2_T1_can_r08,KP2_T1,T1,M1,C2,can,8,correct,,answer,False,1,1,1,7.99,7.6
M2_C1_KP2_T1_B_r08,KP2_T1,T1,M2,C1,B,8,numeric_wrong,,answer,False,1,0,0,19.45,19.3
M3_C1_KP2_T1_B_r08,KP2_T1,T1,M3,C1,B,8,correct,,answer,False,1,1,1,18.67,18.52
M3_C2_KP2_T1_can_r08,KP2_T1,T1,M3,C2,can,8,numeric_wrong,,answer,False,1,0,0,11.17,10.8
M1_C3_KP2_T1_B_r08,KP2_T1,T1,M1,C3,B,8,correct,,answer,False,1,1,1,7.9,7.77
M3_C4_KP1_T3_can_r08,KP1_T3,T3,M3,C4,can,8,correct,strict,answer,False,1,1,1,50.48,50.13
M3_C3_KP1_T3_B_r08,KP1_T3,T3,M3,C3,B,8,numeric_wrong,wrong,answer,False,1,0,0,73.17,73.05
M1_C4_KP2_T1_can_r08,KP2_T1,T1,M1,C4,can,8,correct,,answer,False,1,1,1,5.4,5.1
M2_C2_KP2_T1_can_r08,KP2_T1,T1,M2,C2,can,8,correct,,answer,False,1,1,1,43.34,41.74
M3_C3_KP2_T1_B_r08,KP2_T1,T1,M3,C3,B,8,correct,,answer,False,1,1,1,26.32,26.19
M3_C1_KP1_T2_B_r08,KP1_T2,T2,M3,C1,B,8,correct,,answer,False,1,1,1,187.55,186.57
M2_C3_KP2_T1_B_r08,KP2_T1,T1,M2,C3,B,8,correct,,answer,False,1,1,1,34.72,34.6
M3_C1_KP1_T3_B_r08,KP1_T3,T3,M3,C1,B,8,numeric_wrong,wrong,answer,False,1,0,0,109.85,109.73
M2_C4_KP2_T1_can_r08,KP2_T1,T1,M2,C4,can,8,correct,,answer,False,1,1,1,24.75,24.57
M1_C1_KP2_T2_B_r08,KP2_T2,T2,M1,C1,B,8,correct,,answer,False,1,1,1,15.23,14.24
M1_C2_KP2_T2_can_r08,KP2_T2,T2,M1,C2,can,8,correct,,answer,False,1,1,1,13.5,12.51
M3_C4_KP2_T1_can_r08,KP2_T1,T1,M3,C4,can,8,correct,,answer,False,1,1,1,38.92,38.54
M1_C3_KP2_T2_B_r08,KP2_T2,T2,M1,C3,B,8,correct,,answer,False,1,1,1,15.06,14.05
M2_C1_KP2_T2_B_r08,KP2_T2,T2,M2,C1,B,8,format_failure,,answer,False,0,0,0,30.47,30.46
M1_C4_KP2_T2_can_r08,KP2_T2,T2,M1,C4,can,8,correct,,answer,False,1,1,1,9.95,8.96
M2_C4_KP2_T2_can_r08,KP2_T2,T2,M2,C4,can,8,correct,,answer,False,1,1,1,31.66,30.44
M2_C2_KP2_T2_can_r08,KP2_T2,T2,M2,C2,can,8,correct,,answer,False,1,1,1,54.7,53.54
M2_C3_KP2_T2_B_r08,KP2_T2,T2,M2,C3,B,8,correct,,answer,False,1,1,1,45.41,43.92
M2_C1_KP2_T3_B_r08,KP2_T3,T3,M2,C1,B,8,format_failure,,answer,False,0,0,0,2.03,2.02
M1_C1_KP2_T3_B_r08,KP2_T3,T3,M1,C1,B,8,numeric_wrong,wrong,answer,False,1,0,0,7.84,7.68
M1_C2_KP2_T3_can_r08,KP2_T3,T3,M1,C2,can,8,correct,strict,answer,False,1,1,1,5.41,5.13
M3_C1_KP2_T3_B_r08,KP2_T3,T3,M3,C1,B,8,correct,strict,answer,False,1,1,1,20.8,20.63
M2_C2_KP2_T3_can_r08,KP2_T3,T3,M2,C2,can,8,correct,strict,answer,False,1,1,1,21.41,21.03
M1_C3_KP2_T3_B_r08,KP2_T3,T3,M1,C3,B,8,numeric_wrong,wrong,answer,True,1,0,0,10.19,10.07
M3_C2_KP2_T3_can_r08,KP2_T3,T3,M3,C2,can,8,numeric_wrong,wrong,answer,True,1,0,0,38.02,37.66
M1_C4_KP2_T3_can_r08,KP2_T3,T3,M1,C4,can,8,correct,strict,answer,False,1,1,1,4.91,4.6
M3_C3_KP2_T2_B_r08,KP2_T2,T2,M3,C3,B,8,correct,,answer,False,1,1,1,84.86,83.53
M3_C4_KP2_T2_can_r08,KP2_T2,T2,M3,C4,can,8,correct,,answer,False,1,1,1,88.47,87.0
M2_C3_KP2_T3_B_r08,KP2_T3,T3,M2,C3,B,8,numeric_wrong,wrong,answer,True,1,0,0,38.27,38.16
M2_C4_KP2_T3_can_r08,KP2_T3,T3,M2,C4,can,8,correct,strict,answer,False,1,1,1,26.54,26.21
M1_C1_KP3_T1_B_r08,KP3_T1,T1,M1,C1,B,8,correct,,answer,False,1,1,1,17.38,17.06
M3_C4_KP2_T3_can_r08,KP2_T3,T3,M3,C4,can,8,correct,strict,answer,False,1,1,1,38.19,38.01
M1_C2_KP3_T1_can_r08,KP3_T1,T1,M1,C2,can,8,correct,,answer,False,1,1,1,12.88,12.34
M3_C2_KP2_T2_can_r08,KP2_T2,T2,M3,C2,can,8,correct,,answer,False,1,1,1,155.22,154.03
M2_C2_KP3_T1_can_r08,KP3_T1,T1,M2,C2,can,8,format_failure,,answer,False,1,0,0,24.64,24.34
M3_C3_KP2_T3_B_r08,KP2_T3,T3,M3,C3,B,8,numeric_wrong,wrong,answer,True,1,0,0,85.6,85.41
M3_C1_KP2_T2_B_r08,KP2_T2,T2,M3,C1,B,8,correct,,answer,False,1,1,1,180.14,178.94
M1_C3_KP3_T1_B_r08,KP3_T1,T1,M1,C3,B,8,numeric_wrong,,answer,False,1,0,0,17.21,17.06
M1_C4_KP3_T1_can_r08,KP3_T1,T1,M1,C4,can,8,numeric_wrong,,answer,False,1,0,0,10.34,10.02
M2_C1_KP3_T1_B_r08,KP3_T1,T1,M2,C1,B,8,format_failure,,answer,False,1,0,0,82.35,82.18
M2_C3_KP1_T1_B_r08,KP1_T1,T1,M2,C3,B,8,format_failure,,answer,False,0,0,0,109.54,109.54
M2_C4_KP3_T1_can_r08,KP3_T1,T1,M2,C4,can,8,correct,,answer,False,1,1,1,30.12,29.82
M1_C1_KP3_T2_B_r08,KP3_T2,T2,M1,C1,B,8,numeric_wrong,,answer,False,1,0,0,20.4,19.14
M2_C3_KP3_T1_B_r08,KP3_T1,T1,M2,C3,B,8,correct,,answer,False,1,1,1,76.61,76.32
M1_C2_KP3_T2_can_r08,KP3_T2,T2,M1,C2,can,8,numeric_wrong,,answer,False,1,0,0,24.22,23.17
M3_C2_KP3_T1_can_r08,KP3_T1,T1,M3,C2,can,8,correct,,answer,False,1,1,1,107.92,107.62
M1_C3_KP3_T2_B_r08,KP3_T2,T2,M1,C3,B,8,numeric_wrong,,answer,False,1,0,0,19.39,18.47
M2_C1_KP3_T2_B_r08,KP3_T2,T2,M2,C1,B,8,correct,,answer,False,1,1,1,71.97,70.99
M3_C1_KP3_T1_B_r08,KP3_T1,T1,M3,C1,B,8,numeric_wrong,,answer,False,1,0,0,173.17,173.01
M2_C3_KP3_T2_B_r08,KP3_T2,T2,M2,C3,B,8,numeric_wrong,,answer,False,1,0,0,35.59,34.23
M3_C2_KP1_T3_can_r08,KP1_T3,T3,M3,C2,can,8,numeric_wrong,wrong,answer,False,1,0,0,111.95,111.54
M1_C4_KP3_T2_can_r08,KP3_T2,T2,M1,C4,can,8,correct,,answer,False,1,1,1,19.79,18.96
M1_C1_KP3_T3_B_r08,KP3_T3,T3,M1,C1,B,8,numeric_wrong,wrong,answer,False,1,0,0,8.24,8.09
M2_C2_KP3_T2_can_r08,KP3_T2,T2,M2,C2,can,8,code_error,,answer,False,0,0,0,94.27,93.51
M3_C4_KP3_T1_can_r08,KP3_T1,T1,M3,C4,can,8,correct,,answer,False,1,1,1,151.16,150.91
M3_C2_KP3_T2_can_r08,KP3_T2,T2,M3,C2,can,8,correct,,answer,False,1,1,1,108.99,107.78
M3_C4_KP3_T2_can_r08,KP3_T2,T2,M3,C4,can,8,correct,,answer,False,1,1,1,33.73,32.56
M1_C2_KP3_T3_can_r08,KP3_T3,T3,M1,C2,can,8,numeric_wrong,wrong,answer,False,1,0,0,18.41,17.89
M1_C3_KP3_T3_B_r08,KP3_T3,T3,M1,C3,B,8,numeric_wrong,wrong,answer,False,1,0,0,11.04,10.87
M3_C4_KP1_T2_can_r08,KP1_T2,T2,M3,C4,can,8,correct,,answer,False,1,1,1,205.94,204.65
M2_C4_KP3_T2_can_r08,KP3_T2,T2,M2,C4,can,8,correct,,answer,False,1,1,1,79.87,78.78
M1_C4_KP3_T3_can_r08,KP3_T3,T3,M1,C4,can,8,correct,strict,answer,False,1,1,1,8.29,7.99
M2_C2_KP3_T3_can_r08,KP3_T3,T3,M2,C2,can,8,numeric_wrong,wrong,answer,False,1,0,0,51.32,51.04
M2_C4_KP3_T3_can_r08,KP3_T3,T3,M2,C4,can,8,correct,strict,answer,False,1,1,1,31.21,30.93
M2_C1_KP3_T3_B_r08,KP3_T3,T3,M2,C1,B,8,format_failure,,answer,False,1,0,0,96.15,96.05
M1_C1_KP4_T1_B_r08,KP4_T1,T1,M1,C1,B,8,numeric_wrong,,answer,False,1,0,0,10.49,9.58
M3_C1_KP3_T3_B_r08,KP3_T3,T3,M3,C1,B,8,numeric_wrong,wrong,answer,False,1,0,0,99.23,99.11
M2_C3_KP3_T3_B_r08,KP3_T3,T3,M2,C3,B,8,numeric_wrong,wrong,answer,False,1,0,0,75.58,75.41
M1_C2_KP4_T1_can_r08,KP4_T1,T1,M1,C2,can,8,numeric_wrong,,answer,False,1,0,0,11.04,10.31
M3_C2_KP4_T1_can_r08,KP4_T1,T1,M3,C2,can,8,correct,,answer,False,1,1,1,17.78,17.04
M2_C2_KP4_T1_can_r08,KP4_T1,T1,M2,C2,can,8,numeric_wrong,,answer,False,1,0,0,29.85,29.12
M3_C2_KP3_T3_can_r08,KP3_T3,T3,M3,C2,can,8,code_error,,answer,False,0,0,0,119.34,119.05
M3_C1_KP4_T1_B_r08,KP4_T1,T1,M3,C1,B,8,numeric_wrong,,answer,False,1,0,0,39.56,39.44
M1_C3_KP4_T1_B_r08,KP4_T1,T1,M1,C3,B,8,numeric_wrong,,answer,False,1,0,0,11.04,10.93
M2_C4_KP4_T1_can_r08,KP4_T1,T1,M2,C4,can,8,correct,,answer,False,1,1,1,8.54,7.8
M1_C4_KP4_T1_can_r08,KP4_T1,T1,M1,C4,can,8,numeric_wrong,,answer,False,1,0,0,9.49,8.81
M1_C1_KP4_T2_B_r08,KP4_T2,T2,M1,C1,B,8,correct,,answer,False,1,1,1,13.63,12.37
M3_C4_KP3_T3_can_r08,KP3_T3,T3,M3,C4,can,8,correct,strict,answer,False,1,1,1,96.41,96.15
M3_C4_KP4_T1_can_r08,KP4_T1,T1,M3,C4,can,8,correct,,answer,False,1,1,1,39.97,39.21
M2_C1_KP4_T2_B_r08,KP4_T2,T2,M2,C1,B,8,correct,,answer,False,1,1,1,34.38,33.08
M1_C2_KP4_T2_can_r08,KP4_T2,T2,M1,C2,can,8,correct,,answer,False,1,1,1,10.39,9.17
M3_C3_KP3_T3_B_r08,KP3_T3,T3,M3,C3,B,8,numeric_wrong,wrong,answer,False,1,0,0,179.31,179.17
M2_C1_KP4_T1_B_r08,KP4_T1,T1,M2,C1,B,8,correct,,answer,False,1,1,1,131.3,131.14
M2_C2_KP4_T2_can_r08,KP4_T2,T2,M2,C2,can,8,correct,,answer,False,1,1,1,31.77,30.52
M3_C3_KP4_T1_B_r08,KP4_T1,T1,M3,C3,B,8,numeric_wrong,,answer,False,1,0,0,88.37,88.27
M1_C3_KP4_T2_B_r08,KP4_T2,T2,M1,C3,B,8,correct,,answer,False,1,1,1,14.67,13.45
M1_C4_KP4_T2_can_r08,KP4_T2,T2,M1,C4,can,8,correct,,answer,False,1,1,1,11.18,9.9
M3_C1_KP4_T2_B_r08,KP4_T2,T2,M3,C1,B,8,correct,,answer,False,1,1,1,77.64,76.26
M1_C1_KP4_T3_B_r08,KP4_T3,T3,M1,C1,B,8,numeric_wrong,wrong,answer,False,1,0,0,11.67,11.49
M2_C4_KP4_T2_can_r08,KP4_T2,T2,M2,C4,can,8,code_error,,answer,False,0,0,0,36.37,35.08
M3_C2_KP4_T2_can_r08,KP4_T2,T2,M3,C2,can,8,correct,,answer,False,1,1,1,74.31,72.88
M2_C3_KP4_T2_B_r08,KP4_T2,T2,M2,C3,B,8,correct,,answer,False,1,1,1,48.24,46.96
M1_C2_KP4_T3_can_r08,KP4_T3,T3,M1,C2,can,8,defensible,defensible,answer,True,1,0,1,14.03,13.25
M2_C2_KP4_T3_can_r08,KP4_T3,T3,M2,C2,can,8,correct,strict,answer,False,1,1,1,26.0,24.99
M3_C4_KP4_T2_can_r08,KP4_T2,T2,M3,C4,can,8,correct,,answer,False,1,1,1,64.31,62.31
M2_C1_KP4_T3_B_r08,KP4_T3,T3,M2,C1,B,8,format_failure,,answer,False,0,0,0,60.82,60.81
M1_C3_KP4_T3_B_r08,KP4_T3,T3,M1,C3,B,8,numeric_wrong,wrong,answer,False,1,0,0,20.03,19.83
M3_C3_KP4_T2_B_r08,KP4_T2,T2,M3,C3,B,8,correct,,answer,False,1,1,1,96.72,94.19
M1_C4_KP4_T3_can_r08,KP4_T3,T3,M1,C4,can,8,correct,strict,answer,False,1,1,1,10.46,8.95
M3_C1_KP4_T3_B_r08,KP4_T3,T3,M3,C1,B,8,numeric_wrong,wrong,answer,False,1,0,0,75.57,75.24
M2_C4_KP4_T3_can_r08,KP4_T3,T3,M2,C4,can,8,correct,strict,answer,False,1,1,1,23.28,22.19
M2_C3_KP4_T3_B_r08,KP4_T3,T3,M2,C3,B,8,numeric_wrong,wrong,answer,False,1,0,0,43.13,42.53
M1_C1_KP5_T1_B_r08,KP5_T1,T1,M1,C1,B,8,numeric_wrong,,answer,False,1,0,0,6.94,6.77
M3_C2_KP4_T3_can_r08,KP4_T3,T3,M3,C2,can,8,defensible,defensible,answer,True,1,0,1,74.04,73.14
M1_C2_KP5_T1_can_r08,KP5_T1,T1,M1,C2,can,8,numeric_wrong,,answer,False,1,0,0,12.72,11.27
M3_C3_KP3_T2_B_r08,KP3_T2,T2,M3,C3,B,8,correct,,answer,False,1,1,1,115.1,113.59
M2_C2_KP5_T1_can_r08,KP5_T1,T1,M2,C2,can,8,code_error,,answer,False,0,0,0,18.3,17.27
M1_C3_KP5_T1_B_r08,KP5_T1,T1,M1,C3,B,8,numeric_wrong,,answer,False,1,0,0,9.82,9.68
M3_C4_KP4_T3_can_r08,KP4_T3,T3,M3,C4,can,8,correct,strict,answer,False,1,1,1,65.58,64.39
M2_C3_KP5_T1_B_r08,KP5_T1,T1,M2,C3,B,8,correct,,answer,False,1,1,1,18.02,17.63
M2_C1_KP5_T1_B_r08,KP5_T1,T1,M2,C1,B,8,correct,,answer,False,1,1,1,52.01,51.81
M3_C1_KP5_T1_B_r08,KP5_T1,T1,M3,C1,B,8,numeric_wrong,,answer,False,1,0,0,51.42,51.22
M1_C4_KP5_T1_can_r08,KP5_T1,T1,M1,C4,can,8,correct,,answer,False,1,1,1,5.99,5.01
M3_C2_KP5_T1_can_r08,KP5_T1,T1,M3,C2,can,8,correct,,answer,False,1,1,1,46.0,44.83
M1_C1_KP5_T2_B_r08,KP5_T2,T2,M1,C1,B,8,numeric_wrong,,answer,False,1,0,0,12.09,10.13
M2_C4_KP5_T1_can_r08,KP5_T1,T1,M2,C4,can,8,correct,,answer,False,1,1,1,21.73,20.07
M1_C2_KP5_T2_can_r08,KP5_T2,T2,M1,C2,can,8,numeric_wrong,,answer,False,1,0,0,17.24,14.9
M2_C3_KP4_T1_B_r08,KP4_T1,T1,M2,C3,B,8,format_failure,,answer,False,0,0,0,281.18,281.17
M3_C4_KP5_T1_can_r08,KP5_T1,T1,M3,C4,can,8,correct,,answer,False,1,1,1,30.5,29.36
M1_C3_KP5_T2_B_r08,KP5_T2,T2,M1,C3,B,8,numeric_wrong,,answer,False,1,0,0,13.23,10.86
M2_C1_KP5_T2_B_r08,KP5_T2,T2,M2,C1,B,8,code_error,,answer,False,0,0,0,40.56,38.45
M2_C3_KP5_T2_B_r08,KP5_T2,T2,M2,C3,B,8,correct,,answer,False,1,1,1,16.88,14.7
M1_C4_KP5_T2_can_r08,KP5_T2,T2,M1,C4,can,8,code_error,,answer,False,0,0,0,14.06,11.49
M3_C3_KP4_T3_B_r08,KP4_T3,T3,M3,C3,B,8,numeric_wrong,wrong,answer,False,1,0,0,140.13,139.89
M2_C2_KP5_T2_can_r08,KP5_T2,T2,M2,C2,can,8,correct,,answer,False,1,1,1,47.06,44.67
M3_C3_KP5_T2_B_r08,KP5_T2,T2,M3,C3,B,8,code_error,,answer,False,0,0,0,29.12,27.13
M3_C1_KP5_T2_B_r08,KP5_T2,T2,M3,C1,B,8,correct,,answer,False,1,1,1,57.82,55.58
M2_C4_KP5_T2_can_r08,KP5_T2,T2,M2,C4,can,8,code_error,,answer,False,0,0,0,26.8,23.7
M1_C1_KP5_T3_B_r08,KP5_T3,T3,M1,C1,B,8,numeric_wrong,wrong,answer,False,1,0,0,5.72,5.58
M1_C2_KP5_T3_can_r08,KP5_T3,T3,M1,C2,can,8,numeric_wrong,wrong,answer,False,1,0,0,6.58,5.14
M3_C3_KP5_T1_B_r08,KP5_T1,T1,M3,C3,B,8,numeric_wrong,,answer,False,1,0,0,88.91,88.68
M1_C3_KP5_T3_B_r08,KP5_T3,T3,M1,C3,B,8,correct,strict,answer,False,1,1,1,6.41,6.28
M3_C2_KP5_T2_can_r08,KP5_T2,T2,M3,C2,can,8,format_failure,,answer,False,0,0,0,50.59,50.59
M1_C4_KP5_T3_can_r08,KP5_T3,T3,M1,C4,can,8,correct,strict,answer,False,1,1,1,6.1,5.13
M2_C2_KP5_T3_can_r08,KP5_T3,T3,M2,C2,can,8,correct,strict,answer,False,1,1,1,15.41,14.11
M3_C1_KP5_T3_B_r08,KP5_T3,T3,M3,C1,B,8,correct,strict,answer,False,1,1,1,24.84,24.62
M2_C4_KP5_T3_can_r08,KP5_T3,T3,M2,C4,can,8,code_error,,answer,False,0,0,0,8.58,7.44
M2_C1_KP5_T3_B_r08,KP5_T3,T3,M2,C1,B,8,format_failure,,answer,False,0,0,0,27.08,27.08
M2_C3_KP5_T3_B_r08,KP5_T3,T3,M2,C3,B,8,correct,strict,answer,False,1,1,1,26.24,26.05
M3_C2_KP5_T3_can_r08,KP5_T3,T3,M3,C2,can,8,correct,strict,answer,False,1,1,1,29.29,28.16
M1_C2_KP6_T1_can_r08,KP6_T1,T1,M1,C2,can,8,numeric_wrong,,answer,False,1,0,0,12.23,10.68
M1_C1_KP6_T1_B_r08,KP6_T1,T1,M1,C1,B,8,numeric_wrong,,answer,False,1,0,0,20.12,19.09
M3_C3_KP5_T3_B_r08,KP5_T3,T3,M3,C3,B,8,correct,strict,answer,False,1,1,1,33.05,32.91
M3_C4_KP5_T3_can_r08,KP5_T3,T3,M3,C4,can,8,correct,strict,answer,False,1,1,1,39.28,38.28
M2_C1_KP6_T1_B_r08,KP6_T1,T1,M2,C1,B,8,numeric_wrong,,answer,False,1,0,0,65.0,64.18
M2_C2_KP6_T1_can_r08,KP6_T1,T1,M2,C2,can,8,correct,,answer,False,1,1,1,60.94,60.21
M1_C3_KP6_T1_B_r08,KP6_T1,T1,M1,C3,B,8,numeric_wrong,,answer,False,1,0,0,50.06,49.32
M2_C3_KP6_T1_B_r08,KP6_T1,T1,M2,C3,B,8,numeric_wrong,,answer,False,1,0,0,51.34,51.22
M1_C4_KP6_T1_can_r08,KP6_T1,T1,M1,C4,can,8,correct,,answer,False,1,1,1,12.59,11.8
M1_C1_KP6_T2_B_r08,KP6_T2,T2,M1,C1,B,8,numeric_wrong,,answer,False,1,0,0,13.82,12.53
M3_C4_KP6_T1_can_r08,KP6_T1,T1,M3,C4,can,8,correct,,answer,False,1,1,1,25.08,24.24
M2_C4_KP6_T1_can_r08,KP6_T1,T1,M2,C4,can,8,correct,,answer,False,1,1,1,34.45,33.69
M1_C2_KP6_T2_can_r08,KP6_T2,T2,M1,C2,can,8,correct,,answer,False,1,1,1,14.43,13.0
M3_C1_KP6_T2_B_r08,KP6_T2,T2,M3,C1,B,8,code_error,,answer,False,0,0,0,25.87,24.69
M1_C3_KP6_T2_B_r08,KP6_T2,T2,M1,C3,B,8,format_failure,,answer,False,1,0,0,14.47,13.2
M3_C2_KP6_T1_can_r08,KP6_T1,T1,M3,C2,can,8,numeric_wrong,,answer,False,1,0,0,119.36,118.46
M2_C1_KP6_T2_B_r08,KP6_T2,T2,M2,C1,B,8,numeric_wrong,,answer,False,1,0,0,64.37,62.89
M2_C2_KP6_T2_can_r08,KP6_T2,T2,M2,C2,can,8,correct,,answer,False,1,1,1,48.55,46.96
M2_C3_KP6_T2_B_r08,KP6_T2,T2,M2,C3,B,8,numeric_wrong,,answer,False,1,0,0,28.3,28.16
M1_C4_KP6_T2_can_r08,KP6_T2,T2,M1,C4,can,8,correct,,answer,False,1,1,1,14.14,12.84
M1_C1_KP6_T3_B_r08,KP6_T3,T3,M1,C1,B,8,code_error,,answer,False,0,0,0,13.11,12.81
M3_C2_KP6_T2_can_r08,KP6_T2,T2,M3,C2,can,8,correct,,answer,False,1,1,1,62.71,61.33
M2_C4_KP6_T2_can_r08,KP6_T2,T2,M2,C4,can,8,correct,,answer,False,1,1,1,25.38,24.05
M3_C4_KP5_T2_can_r08,KP5_T2,T2,M3,C4,can,8,correct,,answer,False,1,1,1,214.95,213.6
M1_C2_KP6_T3_can_r08,KP6_T3,T3,M1,C2,can,8,numeric_wrong,wrong,answer,True,1,0,0,10.35,9.52
M3_C1_KP6_T3_B_r08,KP6_T3,T3,M3,C1,B,8,numeric_wrong,wrong,answer,False,1,0,0,20.72,19.99
M3_C1_KP3_T2_B_r08,KP3_T2,T2,M3,C1,B,8,correct,,answer,False,1,1,1,174.82,173.64
M1_C3_KP6_T3_B_r08,KP6_T3,T3,M1,C3,B,8,code_error,,answer,False,0,0,0,12.8,12.49
M2_C1_KP6_T3_B_r08,KP6_T3,T3,M2,C1,B,8,numeric_wrong,wrong,answer,False,1,0,0,35.34,34.61
M3_C1_KP6_T1_B_r08,KP6_T1,T1,M3,C1,B,8,numeric_wrong,,answer,False,1,0,0,203.67,202.96
M1_C4_KP6_T3_can_r08,KP6_T3,T3,M1,C4,can,8,correct,strict,answer,False,1,1,1,6.22,5.51
M2_C2_KP6_T3_can_r08,KP6_T3,T3,M2,C2,can,8,correct,strict,answer,False,1,1,1,35.04,34.3
M2_C3_KP6_T3_B_r08,KP6_T3,T3,M2,C3,B,8,code_error,,answer,False,0,0,0,21.45,21.32
M3_C4_KP6_T2_can_r08,KP6_T2,T2,M3,C4,can,8,correct,,answer,False,1,1,1,72.99,71.68
M3_C3_KP6_T2_B_r08,KP6_T2,T2,M3,C3,B,8,numeric_wrong,,answer,False,1,0,0,92.0,90.57
M3_C4_KP6_T3_can_r08,KP6_T3,T3,M3,C4,can,8,correct,strict,answer,False,1,1,1,23.47,22.69
M1_C1_KP1_T1_B_r09,KP1_T1,T1,M1,C1,B,9,numeric_wrong,,answer,False,1,0,0,18.75,18.04
M1_C2_KP1_T1_can_r09,KP1_T1,T1,M1,C2,can,9,correct,,answer,False,1,1,1,6.08,5.2
M2_C4_KP6_T3_can_r08,KP6_T3,T3,M2,C4,can,8,correct,strict,answer,False,1,1,1,29.68,28.98
M3_C2_KP1_T1_can_r09,KP1_T1,T1,M3,C2,can,9,correct,,answer,False,1,1,1,12.53,11.8
M2_C2_KP1_T1_can_r09,KP1_T1,T1,M2,C2,can,9,correct,,answer,False,1,1,1,18.07,17.83
M1_C3_KP1_T1_B_r09,KP1_T1,T1,M1,C3,B,9,numeric_wrong,,answer,False,1,0,0,14.44,13.76
M1_C4_KP1_T1_can_r09,KP1_T1,T1,M1,C4,can,9,correct,,answer,False,1,1,1,7.5,6.59
M2_C4_KP1_T1_can_r09,KP1_T1,T1,M2,C4,can,9,correct,,answer,False,1,1,1,26.89,26.15
M1_C1_KP1_T2_B_r09,KP1_T2,T2,M1,C1,B,9,numeric_wrong,,answer,False,1,0,0,21.26,20.37
M3_C2_KP6_T3_can_r08,KP6_T3,T3,M3,C2,can,8,numeric_wrong,wrong,answer,False,1,0,0,116.94,116.23
M3_C3_KP6_T1_B_r08,KP6_T1,T1,M3,C3,B,8,numeric_wrong,,answer,False,1,0,0,268.44,268.3
M3_C3_KP6_T3_B_r08,KP6_T3,T3,M3,C3,B,8,code_error,,answer,False,0,0,0,105.32,104.68
M1_C2_KP1_T2_can_r09,KP1_T2,T2,M1,C2,can,9,correct,,answer,False,1,1,1,14.03,12.8
M2_C1_KP1_T1_B_r09,KP1_T1,T1,M2,C1,B,9,correct,,answer,False,1,1,1,100.75,100.08
M3_C1_KP1_T2_B_r09,KP1_T2,T2,M3,C1,B,9,correct,,answer,False,1,1,1,37.67,36.56
M1_C3_KP1_T2_B_r09,KP1_T2,T2,M1,C3,B,9,numeric_wrong,,answer,False,1,0,0,25.21,24.44
M2_C1_KP1_T2_B_r09,KP1_T2,T2,M2,C1,B,9,correct,,answer,False,1,1,1,65.23,64.32
M1_C4_KP1_T2_can_r09,KP1_T2,T2,M1,C4,can,9,correct,,answer,False,1,1,1,18.63,17.35
M2_C2_KP1_T2_can_r09,KP1_T2,T2,M2,C2,can,9,correct,,answer,False,1,1,1,72.9,71.92
M2_C3_KP1_T2_B_r09,KP1_T2,T2,M2,C3,B,9,correct,,answer,False,1,1,1,66.31,65.38
M3_C4_KP1_T2_can_r09,KP1_T2,T2,M3,C4,can,9,correct,,answer,False,1,1,1,30.25,29.15
M1_C1_KP1_T3_B_r09,KP1_T3,T3,M1,C1,B,9,numeric_wrong,wrong,answer,False,1,0,0,9.13,8.96
M2_C1_KP1_T3_B_r09,KP1_T3,T3,M2,C1,B,9,correct,strict,answer,False,1,1,1,13.01,12.79
M1_C2_KP1_T3_can_r09,KP1_T3,T3,M1,C2,can,9,correct,strict,answer,False,1,1,1,7.28,6.98
M2_C3_KP1_T1_B_r09,KP1_T1,T1,M2,C3,B,9,format_failure,,answer,False,0,0,0,202.62,202.6
M3_C2_KP1_T2_can_r09,KP1_T2,T2,M3,C2,can,9,correct,,answer,False,1,1,1,124.98,123.74
M3_C1_KP1_T3_B_r09,KP1_T3,T3,M3,C1,B,9,numeric_wrong,wrong,answer,False,1,0,0,33.1,32.92
M2_C2_KP1_T3_can_r09,KP1_T3,T3,M2,C2,can,9,correct,strict,answer,False,1,1,1,18.55,18.3
M1_C3_KP1_T3_B_r09,KP1_T3,T3,M1,C3,B,9,numeric_wrong,wrong,answer,False,1,0,0,12.27,11.88
M1_C4_KP1_T3_can_r09,KP1_T3,T3,M1,C4,can,9,correct,strict,answer,False,1,1,1,7.62,7.31
M2_C4_KP1_T2_can_r09,KP1_T2,T2,M2,C4,can,9,correct,,answer,False,1,1,1,86.01,85.13
M3_C1_KP1_T1_B_r09,KP1_T1,T1,M3,C1,B,9,numeric_wrong,,answer,False,1,0,0,243.4,242.67
M3_C4_KP1_T1_can_r09,KP1_T1,T1,M3,C4,can,9,correct,,answer,False,1,1,1,214.17,213.51
M1_C1_KP2_T1_B_r09,KP2_T1,T1,M1,C1,B,9,numeric_wrong,,answer,False,1,0,0,7.87,7.68
M2_C4_KP1_T3_can_r09,KP1_T3,T3,M2,C4,can,9,format_failure,,answer,False,1,0,0,18.62,18.38
M2_C1_KP2_T1_B_r09,KP2_T1,T1,M2,C1,B,9,numeric_wrong,,answer,False,1,0,0,9.63,9.5
M3_C3_KP1_T1_B_r09,KP1_T1,T1,M3,C3,B,9,correct,,answer,False,1,1,1,238.79,238.09
M1_C2_KP2_T1_can_r09,KP2_T1,T1,M1,C2,can,9,correct,,answer,False,1,1,1,8.27,8.02
M3_C1_KP2_T1_B_r09,KP2_T1,T1,M3,C1,B,9,correct,,answer,False,1,1,1,14.03,13.91
M1_C3_KP2_T1_B_r09,KP2_T1,T1,M1,C3,B,9,correct,,answer,False,1,1,1,8.6,8.48
M2_C2_KP2_T1_can_r09,KP2_T1,T1,M2,C2,can,9,correct,,answer,False,1,1,1,18.52,17.87
M1_C4_KP2_T1_can_r09,KP2_T1,T1,M1,C4,can,9,correct,,answer,False,1,1,1,5.43,5.14
M2_C3_KP1_T3_B_r09,KP1_T3,T3,M2,C3,B,9,correct,strict,answer,False,1,1,1,58.8,58.65
M2_C3_KP2_T1_B_r09,KP2_T1,T1,M2,C3,B,9,format_failure,,answer,False,0,0,0,22.38,22.37
M3_C2_KP2_T1_can_r09,KP2_T1,T1,M3,C2,can,9,correct,,answer,False,1,1,1,34.56,34.27
M3_C3_KP1_T3_B_r09,KP1_T3,T3,M3,C3,B,9,numeric_wrong,wrong,answer,False,1,0,0,73.47,73.34
M2_C4_KP2_T1_can_r09,KP2_T1,T1,M2,C4,can,9,correct,,answer,False,1,1,1,24.02,23.73
M1_C1_KP2_T2_B_r09,KP2_T2,T2,M1,C1,B,9,correct,,answer,False,1,1,1,15.96,15.17
M1_C2_KP2_T2_can_r09,KP2_T2,T2,M1,C2,can,9,correct,,answer,False,1,1,1,16.2,15.34
M3_C3_KP2_T1_B_r09,KP2_T1,T1,M3,C3,B,9,correct,,answer,False,1,1,1,49.63,49.49
M3_C4_KP2_T1_can_r09,KP2_T1,T1,M3,C4,can,9,correct,,answer,False,1,1,1,41.18,41.04
M3_C4_KP1_T3_can_r09,KP1_T3,T3,M3,C4,can,9,correct,strict,answer,False,1,1,1,84.31,84.06
M3_C3_KP3_T1_B_r08,KP3_T1,T1,M3,C3,B,8,format_failure,,answer,False,0,0,0,198.81,198.79
M1_C3_KP2_T2_B_r09,KP2_T2,T2,M1,C3,B,9,correct,,answer,False,1,1,1,15.04,14.16
M1_C4_KP2_T2_can_r09,KP2_T2,T2,M1,C4,can,9,correct,,answer,False,1,1,1,9.57,8.71
M3_C2_KP2_T2_can_r09,KP2_T2,T2,M3,C2,can,9,correct,,answer,False,1,1,1,29.22,28.01
M2_C2_KP2_T2_can_r09,KP2_T2,T2,M2,C2,can,9,correct,,answer,False,1,1,1,46.99,45.97
M1_C1_KP2_T3_B_r09,KP2_T3,T3,M1,C1,B,9,numeric_wrong,wrong,answer,True,1,0,0,8.69,8.54
M2_C4_KP2_T2_can_r09,KP2_T2,T2,M2,C4,can,9,correct,,answer,False,1,1,1,27.35,26.45
M2_C1_KP2_T2_B_r09,KP2_T2,T2,M2,C1,B,9,correct,,answer,False,1,1,1,70.16,68.06
M2_C3_KP2_T2_B_r09,KP2_T2,T2,M2,C3,B,9,correct,,answer,False,1,1,1,41.51,40.59
M3_C2_KP1_T3_can_r09,KP1_T3,T3,M3,C2,can,9,correct,strict,answer,False,1,1,1,149.56,149.31
M1_C2_KP2_T3_can_r09,KP2_T3,T3,M1,C2,can,9,numeric_wrong,wrong,answer,True,1,0,0,5.9,5.65
M2_C1_KP2_T3_B_r09,KP2_T3,T3,M2,C1,B,9,correct,strict,answer,False,1,1,1,26.47,26.29
M1_C3_KP2_T3_B_r09,KP2_T3,T3,M1,C3,B,9,numeric_wrong,wrong,answer,True,1,0,0,12.69,12.56
M1_C4_KP2_T3_can_r09,KP2_T3,T3,M1,C4,can,9,correct,strict,answer,False,1,1,1,4.8,4.54
M2_C2_KP2_T3_can_r09,KP2_T3,T3,M2,C2,can,9,format_failure,,answer,False,1,0,0,21.81,21.53
M3_C1_KP2_T3_B_r09,KP2_T3,T3,M3,C1,B,9,correct,strict,answer,False,1,1,1,45.04,44.84
M2_C4_KP2_T3_can_r09,KP2_T3,T3,M2,C4,can,9,correct,strict,answer,False,1,1,1,21.25,21.0
M3_C3_KP1_T2_B_r09,KP1_T2,T2,M3,C3,B,9,correct,,answer,False,1,1,1,299.0,297.77
M3_C4_KP2_T3_can_r09,KP2_T3,T3,M3,C4,can,9,correct,strict,answer,False,1,1,1,34.06,33.79
M1_C1_KP3_T1_B_r09,KP3_T1,T1,M1,C1,B,9,numeric_wrong,,answer,False,1,0,0,18.85,18.7
M3_C2_KP2_T3_can_r09,KP2_T3,T3,M3,C2,can,9,numeric_wrong,wrong,answer,True,1,0,0,62.25,61.93
M2_C3_KP2_T3_B_r09,KP2_T3,T3,M2,C3,B,9,numeric_wrong,wrong,answer,True,1,0,0,59.38,59.26
M2_C2_KP3_T1_can_r09,KP3_T1,T1,M2,C2,can,9,correct,,answer,False,1,1,1,11.43,11.08
M1_C2_KP3_T1_can_r09,KP3_T1,T1,M1,C2,can,9,correct,,answer,False,1,1,1,13.61,13.37
M3_C3_KP2_T2_B_r09,KP2_T2,T2,M3,C3,B,9,correct,,answer,False,1,1,1,114.31,113.51
M3_C2_KP3_T1_can_r09,KP3_T1,T1,M3,C2,can,9,correct,,answer,False,1,1,1,21.3,21.01
M1_C3_KP3_T1_B_r09,KP3_T1,T1,M1,C3,B,9,numeric_wrong,,answer,False,1,0,0,19.96,19.81
M1_C4_KP3_T1_can_r09,KP3_T1,T1,M1,C4,can,9,numeric_wrong,,answer,False,1,0,0,12.75,12.49
M3_C4_KP3_T1_can_r09,KP3_T1,T1,M3,C4,can,9,correct,,answer,False,1,1,1,11.83,11.55
M1_C1_KP3_T2_B_r09,KP3_T2,T2,M1,C1,B,9,numeric_wrong,,answer,False,1,0,0,19.55,18.75
M2_C4_KP3_T1_can_r09,KP3_T1,T1,M2,C4,can,9,correct,,answer,False,1,1,1,31.98,31.61
M3_C3_KP2_T3_B_r09,KP2_T3,T3,M3,C3,B,9,numeric_wrong,wrong,answer,True,1,0,0,121.47,121.29
M1_C2_KP3_T2_can_r09,KP3_T2,T2,M1,C2,can,9,numeric_wrong,,answer,False,1,0,0,22.24,21.29
M2_C1_KP3_T2_B_r09,KP3_T2,T2,M2,C1,B,9,correct,,answer,False,1,1,1,78.52,77.65
M3_C1_KP2_T2_B_r09,KP2_T2,T2,M3,C1,B,9,numeric_wrong,,answer,False,1,0,0,256.31,255.41
M1_C3_KP3_T2_B_r09,KP3_T2,T2,M1,C3,B,9,numeric_wrong,,answer,False,1,0,0,19.03,18.29
M3_C4_KP2_T2_can_r09,KP2_T2,T2,M3,C4,can,9,correct,,answer,False,1,1,1,247.42,246.46
M3_C2_KP3_T2_can_r09,KP3_T2,T2,M3,C2,can,9,correct,,answer,False,1,1,1,89.68,88.69
M1_C4_KP3_T2_can_r09,KP3_T2,T2,M1,C4,can,9,code_error,,answer,False,0,0,0,20.61,19.96
M2_C1_KP3_T1_B_r09,KP3_T1,T1,M2,C1,B,9,correct,,answer,False,1,1,1,205.86,205.71
M3_C1_KP3_T1_B_r09,KP3_T1,T1,M3,C1,B,9,numeric_wrong,,answer,False,1,0,0,196.36,196.26
M1_C1_KP3_T3_B_r09,KP3_T3,T3,M1,C1,B,9,numeric_wrong,wrong,answer,False,1,0,0,8.62,8.47
M2_C4_KP3_T2_can_r09,KP3_T2,T2,M2,C4,can,9,code_error,,answer,False,0,0,0,42.14,41.33
M2_C2_KP3_T2_can_r09,KP3_T2,T2,M2,C2,can,9,code_error,,answer,False,0,0,0,137.96,137.17
M1_C2_KP3_T3_can_r09,KP3_T3,T3,M1,C2,can,9,code_error,,answer,False,0,0,0,14.68,14.23
M2_C1_KP3_T3_B_r09,KP3_T3,T3,M2,C1,B,9,format_failure,,answer,False,1,0,0,47.7,47.56
M1_C3_KP3_T3_B_r09,KP3_T3,T3,M1,C3,B,9,numeric_wrong,wrong,answer,False,1,0,0,10.31,10.09
M3_C4_KP3_T2_can_r09,KP3_T2,T2,M3,C4,can,9,code_error,,answer,False,0,0,0,102.87,102.71
M3_C2_KP3_T3_can_r09,KP3_T3,T3,M3,C2,can,9,numeric_wrong,wrong,answer,True,1,0,0,65.07,64.87
M2_C3_KP3_T3_B_r09,KP3_T3,T3,M2,C3,B,9,format_failure,,answer,False,1,0,0,43.2,43.06
M1_C4_KP3_T3_can_r09,KP3_T3,T3,M1,C4,can,9,correct,strict,answer,False,1,1,1,6.61,6.39
M2_C2_KP3_T3_can_r09,KP3_T3,T3,M2,C2,can,9,code_error,,answer,False,0,0,0,84.47,84.23
M1_C1_KP4_T1_B_r09,KP4_T1,T1,M1,C1,B,9,numeric_wrong,,answer,False,1,0,0,9.02,8.87
M2_C4_KP3_T3_can_r09,KP3_T3,T3,M2,C4,can,9,code_error,,answer,False,0,0,0,24.24,23.55
M2_C3_KP3_T2_B_r09,KP3_T2,T2,M2,C3,B,9,correct,,answer,False,1,1,1,193.91,193.09
M2_C3_KP3_T1_B_r09,KP3_T1,T1,M2,C3,B,9,correct,,answer,False,1,1,1,11.86,11.55
M1_C2_KP4_T1_can_r09,KP4_T1,T1,M1,C2,can,9,numeric_wrong,,answer,False,1,0,0,11.57,10.82
M3_C1_KP4_T1_B_r09,KP4_T1,T1,M3,C1,B,9,format_failure,,answer,False,0,0,0,25.33,25.33
M1_C3_KP4_T1_B_r09,KP4_T1,T1,M1,C3,B,9,numeric_wrong,,answer,False,1,0,0,10.94,10.78
M2_C1_KP4_T1_B_r09,KP4_T1,T1,M2,C1,B,9,format_failure,,answer,False,1,0,0,46.51,46.41
M3_C4_KP3_T3_can_r09,KP3_T3,T3,M3,C4,can,9,correct,strict,answer,False,1,1,1,69.54,69.18
M1_C4_KP4_T1_can_r09,KP4_T1,T1,M1,C4,can,9,correct,,answer,False,1,1,1,12.98,12.07
M3_C2_KP4_T1_can_r09,KP4_T1,T1,M3,C2,can,9,correct,,answer,False,1,1,1,45.24,44.31
M3_C3_KP4_T1_B_r09,KP4_T1,T1,M3,C3,B,9,numeric_wrong,,answer,False,1,0,0,33.11,32.04
M2_C2_KP4_T1_can_r09,KP4_T1,T1,M2,C2,can,9,correct,,answer,False,1,1,1,64.39,63.28
M2_C4_KP4_T1_can_r09,KP4_T1,T1,M2,C4,can,9,correct,,answer,False,1,1,1,18.28,17.49
M3_C3_KP3_T2_B_r09,KP3_T2,T2,M3,C3,B,9,correct,,answer,False,1,1,1,262.83,261.62
M3_C4_KP4_T1_can_r09,KP4_T1,T1,M3,C4,can,9,correct,,answer,False,1,1,1,18.22,17.1
M1_C1_KP4_T2_B_r09,KP4_T2,T2,M1,C1,B,9,correct,,answer,False,1,1,1,13.98,12.37
M1_C2_KP4_T2_can_r09,KP4_T2,T2,M1,C2,can,9,correct,,answer,False,1,1,1,12.62,10.79
M1_C3_KP4_T2_B_r09,KP4_T2,T2,M1,C3,B,9,correct,,answer,False,1,1,1,15.24,13.93
M2_C1_KP4_T2_B_r09,KP4_T2,T2,M2,C1,B,9,correct,,answer,False,1,1,1,32.37,30.99
M3_C1_KP4_T2_B_r09,KP4_T2,T2,M3,C1,B,9,correct,,answer,False,1,1,1,44.55,43.13
M1_C4_KP4_T2_can_r09,KP4_T2,T2,M1,C4,can,9,correct,,answer,False,1,1,1,12.9,11.64
M2_C3_KP4_T1_B_r09,KP4_T1,T1,M2,C3,B,9,correct,,answer,False,1,1,1,98.88,98.23
M2_C2_KP4_T2_can_r09,KP4_T2,T2,M2,C2,can,9,correct,,answer,False,1,1,1,56.68,54.85
M3_C3_KP4_T2_B_r09,KP4_T2,T2,M3,C3,B,9,correct,,answer,False,1,1,1,40.74,39.37
M1_C1_KP4_T3_B_r09,KP4_T3,T3,M1,C1,B,9,numeric_wrong,wrong,answer,False,1,0,0,11.4,11.3
M2_C3_KP4_T2_B_r09,KP4_T2,T2,M2,C3,B,9,correct,,answer,False,1,1,1,52.38,51.08
M1_C2_KP4_T3_can_r09,KP4_T3,T3,M1,C2,can,9,correct,strict,answer,False,1,1,1,13.43,12.72
M2_C1_KP4_T3_B_r09,KP4_T3,T3,M2,C1,B,9,format_failure,,answer,False,1,0,0,30.15,29.99
M3_C1_KP3_T2_B_r09,KP3_T2,T2,M3,C1,B,9,numeric_wrong,,answer,False,1,0,0,137.36,136.37
M3_C2_KP4_T2_can_r09,KP4_T2,T2,M3,C2,can,9,correct,,answer,False,1,1,1,96.31,94.9
M3_C4_KP4_T2_can_r09,KP4_T2,T2,M3,C4,can,9,correct,,answer,False,1,1,1,48.57,47.14
M3_C3_KP3_T1_B_r09,KP3_T1,T1,M3,C3,B,9,numeric_wrong,,answer,False,1,0,0,189.12,188.96
M2_C4_KP4_T2_can_r09,KP4_T2,T2,M2,C4,can,9,correct,,answer,False,1,1,1,64.51,63.28
M1_C4_KP4_T3_can_r09,KP4_T3,T3,M1,C4,can,9,correct,strict,answer,False,1,1,1,10.4,9.59
M2_C2_KP4_T3_can_r09,KP4_T3,T3,M2,C2,can,9,code_error,,answer,False,0,0,0,37.53,36.68
M1_C3_KP4_T3_B_r09,KP4_T3,T3,M1,C3,B,9,numeric_wrong,wrong,answer,False,1,0,0,31.09,30.96
M1_C1_KP5_T1_B_r09,KP5_T1,T1,M1,C1,B,9,numeric_wrong,,answer,False,1,0,0,6.98,6.87
M2_C3_KP4_T3_B_r09,KP4_T3,T3,M2,C3,B,9,numeric_wrong,wrong,answer,False,1,0,0,40.89,40.58
M1_C2_KP5_T1_can_r09,KP5_T1,T1,M1,C2,can,9,correct,,answer,False,1,1,1,9.12,8.42
M2_C1_KP5_T1_B_r09,KP5_T1,T1,M2,C1,B,9,correct,,answer,False,1,1,1,29.74,29.6
M3_C2_KP4_T3_can_r09,KP4_T3,T3,M3,C2,can,9,correct,strict,answer,False,1,1,1,63.3,62.65
M1_C3_KP5_T1_B_r09,KP5_T1,T1,M1,C3,B,9,numeric_wrong,,answer,False,1,0,0,9.57,9.34
M2_C4_KP4_T3_can_r09,KP4_T3,T3,M2,C4,can,9,correct,strict,answer,False,1,1,1,56.41,55.59
M3_C2_KP5_T1_can_r09,KP5_T1,T1,M3,C2,can,9,correct,,answer,False,1,1,1,15.62,14.58
M2_C2_KP5_T1_can_r09,KP5_T1,T1,M2,C2,can,9,code_error,,answer,False,0,0,0,30.95,30.25
M1_C4_KP5_T1_can_r09,KP5_T1,T1,M1,C4,can,9,correct,,answer,False,1,1,1,7.11,6.35
M3_C1_KP5_T1_B_r09,KP5_T1,T1,M3,C1,B,9,correct,,answer,False,1,1,1,49.58,49.38
M3_C3_KP5_T1_B_r09,KP5_T1,T1,M3,C3,B,9,correct,,answer,False,1,1,1,10.91,10.03
M1_C1_KP5_T2_B_r09,KP5_T2,T2,M1,C1,B,9,numeric_wrong,,answer,False,1,0,0,11.43,10.2
M2_C3_KP5_T1_B_r09,KP5_T1,T1,M2,C3,B,9,correct,,answer,False,1,1,1,28.06,27.34
M3_C1_KP3_T3_B_r09,KP3_T3,T3,M3,C1,B,9,numeric_wrong,wrong,answer,False,1,0,0,85.69,85.56
M2_C4_KP5_T1_can_r09,KP5_T1,T1,M2,C4,can,9,correct,,answer,False,1,1,1,28.57,27.83
M3_C4_KP5_T1_can_r09,KP5_T1,T1,M3,C4,can,9,format_failure,,answer,False,0,0,0,28.98,28.97
M1_C2_KP5_T2_can_r09,KP5_T2,T2,M1,C2,can,9,numeric_wrong,,answer,False,1,0,0,13.78,12.36
M2_C1_KP5_T2_B_r09,KP5_T2,T2,M2,C1,B,9,correct,,answer,False,1,1,1,30.35,29.03
M1_C3_KP5_T2_B_r09,KP5_T2,T2,M1,C3,B,9,numeric_wrong,,answer,False,1,0,0,13.09,11.77
M3_C1_KP4_T3_B_r09,KP4_T3,T3,M3,C1,B,9,numeric_wrong,wrong,answer,False,1,0,0,154.96,154.84
M1_C4_KP5_T2_can_r09,KP5_T2,T2,M1,C4,can,9,correct,,answer,False,1,1,1,12.86,11.47
M2_C2_KP5_T2_can_r09,KP5_T2,T2,M2,C2,can,9,code_error,,answer,False,0,0,0,38.52,36.56
M3_C1_KP5_T2_B_r09,KP5_T2,T2,M3,C1,B,9,correct,,answer,False,1,1,1,44.24,42.92
M3_C3_KP3_T3_B_r09,KP3_T3,T3,M3,C3,B,9,format_failure,,answer,False,0,0,0,40.14,40.13
M1_C1_KP5_T3_B_r09,KP5_T3,T3,M1,C1,B,9,numeric_wrong,wrong,answer,False,1,0,0,5.64,5.5
M3_C3_KP4_T3_B_r09,KP4_T3,T3,M3,C3,B,9,numeric_wrong,wrong,answer,False,1,0,0,139.93,139.79
M1_C2_KP5_T3_can_r09,KP5_T3,T3,M1,C2,can,9,numeric_wrong,wrong,answer,False,1,0,0,5.76,5.0
M2_C1_KP5_T3_B_r09,KP5_T3,T3,M2,C1,B,9,format_failure,,answer,False,0,0,0,11.45,11.44
M2_C3_KP5_T2_B_r09,KP5_T2,T2,M2,C3,B,9,numeric_wrong,,answer,False,1,0,0,43.55,42.16
M1_C3_KP5_T3_B_r09,KP5_T3,T3,M1,C3,B,9,correct,strict,answer,False,1,1,1,5.25,5.12
M2_C2_KP5_T3_can_r09,KP5_T3,T3,M2,C2,can,9,correct,strict,answer,False,1,1,1,12.56,11.88
M3_C2_KP5_T3_can_r09,KP5_T3,T3,M3,C2,can,9,correct,strict,answer,False,1,1,1,13.3,12.64
M3_C2_KP5_T2_can_r09,KP5_T2,T2,M3,C2,can,9,correct,,answer,False,1,1,1,53.83,52.49
M1_C4_KP5_T3_can_r09,KP5_T3,T3,M1,C4,can,9,correct,strict,answer,False,1,1,1,5.6,4.88
M3_C4_KP5_T2_can_r09,KP5_T2,T2,M3,C4,can,9,correct,,answer,False,1,1,1,31.35,30.02
M3_C3_KP5_T3_B_r09,KP5_T3,T3,M3,C3,B,9,correct,strict,answer,False,1,1,1,16.1,15.9
M2_C3_KP5_T3_B_r09,KP5_T3,T3,M2,C3,B,9,correct,strict,answer,False,1,1,1,19.81,19.12
M2_C4_KP5_T2_can_r09,KP5_T2,T2,M2,C4,can,9,correct,,answer,False,1,1,1,51.25,49.89
M1_C2_KP6_T1_can_r09,KP6_T1,T1,M1,C2,can,9,numeric_wrong,,answer,False,1,0,0,12.61,11.85
M1_C1_KP6_T1_B_r09,KP6_T1,T1,M1,C1,B,9,numeric_wrong,,answer,False,1,0,0,23.54,22.8
M2_C4_KP5_T3_can_r09,KP5_T3,T3,M2,C4,can,9,code_error,,answer,False,0,0,0,33.94,33.23
M3_C4_KP5_T3_can_r09,KP5_T3,T3,M3,C4,can,9,correct,strict,answer,False,1,1,1,39.31,38.5
M2_C1_KP6_T1_B_r09,KP6_T1,T1,M2,C1,B,9,code_error,,answer,False,0,0,0,39.24,39.11
M1_C3_KP6_T1_B_r09,KP6_T1,T1,M1,C3,B,9,numeric_wrong,,answer,False,1,0,0,20.59,19.85
M3_C1_KP5_T3_B_r09,KP5_T3,T3,M3,C1,B,9,numeric_wrong,wrong,answer,False,1,0,0,66.95,66.79
M1_C4_KP6_T1_can_r09,KP6_T1,T1,M1,C4,can,9,correct,,answer,False,1,1,1,15.7,14.94
M3_C2_KP6_T1_can_r09,KP6_T1,T1,M3,C2,can,9,correct,,answer,False,1,1,1,40.53,39.74
M1_C1_KP6_T2_B_r09,KP6_T2,T2,M1,C1,B,9,numeric_wrong,,answer,False,1,0,0,12.39,11.07
M2_C4_KP6_T1_can_r09,KP6_T1,T1,M2,C4,can,9,correct,,answer,False,1,1,1,25.65,24.93
M3_C3_KP5_T2_B_r09,KP5_T2,T2,M3,C3,B,9,correct,,answer,False,1,1,1,127.17,125.67
M3_C4_KP6_T1_can_r09,KP6_T1,T1,M3,C4,can,9,correct,,answer,False,1,1,1,33.65,32.94
M1_C2_KP6_T2_can_r09,KP6_T2,T2,M1,C2,can,9,numeric_wrong,,answer,False,1,0,0,15.39,14.2
M1_C3_KP6_T2_B_r09,KP6_T2,T2,M1,C3,B,9,format_failure,,answer,False,1,0,0,13.95,12.83
M2_C1_KP6_T2_B_r09,KP6_T2,T2,M2,C1,B,9,numeric_wrong,,answer,False,1,0,0,40.49,38.99
M3_C2_KP6_T2_can_r09,KP6_T2,T2,M3,C2,can,9,correct,,answer,False,1,1,1,31.37,29.97
M2_C2_KP6_T2_can_r09,KP6_T2,T2,M2,C2,can,9,correct,,answer,False,1,1,1,41.31,39.99
M1_C4_KP6_T2_can_r09,KP6_T2,T2,M1,C4,can,9,correct,,answer,False,1,1,1,10.53,9.3
M3_C1_KP6_T1_B_r09,KP6_T1,T1,M3,C1,B,9,numeric_wrong,,answer,False,1,0,0,113.89,113.6
M2_C2_KP6_T1_can_r09,KP6_T1,T1,M2,C2,can,9,numeric_wrong,,answer,False,1,0,0,113.63,112.87
M1_C1_KP6_T3_B_r09,KP6_T3,T3,M1,C1,B,9,numeric_wrong,wrong,answer,False,1,0,0,11.52,11.18
M3_C1_KP6_T2_B_r09,KP6_T2,T2,M3,C1,B,9,numeric_wrong,,answer,False,1,0,0,72.15,70.72
M3_C3_KP6_T1_B_r09,KP6_T1,T1,M3,C3,B,9,numeric_wrong,,answer,False,1,0,0,107.08,106.33
M1_C2_KP6_T3_can_r09,KP6_T3,T3,M1,C2,can,9,numeric_wrong,wrong,answer,True,1,0,0,10.5,9.77
M3_C4_KP6_T2_can_r09,KP6_T2,T2,M3,C4,can,9,correct,,answer,False,1,1,1,34.0,32.74
M2_C4_KP6_T2_can_r09,KP6_T2,T2,M2,C4,can,9,correct,,answer,False,1,1,1,37.13,35.85
M2_C1_KP6_T3_B_r09,KP6_T3,T3,M2,C1,B,9,numeric_wrong,wrong,answer,False,1,0,0,33.75,33.0
M1_C3_KP6_T3_B_r09,KP6_T3,T3,M1,C3,B,9,format_failure,,answer,False,1,0,0,12.13,11.43
M3_C1_KP6_T3_B_r09,KP6_T3,T3,M3,C1,B,9,code_error,,answer,False,0,0,0,36.3,35.55
M1_C4_KP6_T3_can_r09,KP6_T3,T3,M1,C4,can,9,correct,strict,answer,False,1,1,1,8.81,8.13
M2_C3_KP6_T2_B_r09,KP6_T2,T2,M2,C3,B,9,numeric_wrong,,answer,False,1,0,0,87.86,86.63
M3_C4_KP6_T3_can_r09,KP6_T3,T3,M3,C4,can,9,correct,strict,answer,False,1,1,1,15.21,14.51
M2_C3_KP6_T3_B_r09,KP6_T3,T3,M2,C3,B,9,numeric_wrong,wrong,answer,False,1,0,0,32.44,32.18
M1_C1_KP1_T1_B_r10,KP1_T1,T1,M1,C1,B,10,numeric_wrong,,answer,False,1,0,0,14.5,13.69
M2_C2_KP6_T3_can_r09,KP6_T3,T3,M2,C2,can,9,numeric_wrong,wrong,answer,True,1,0,0,55.77,55.03
M2_C3_KP6_T1_B_r09,KP6_T1,T1,M2,C3,B,9,format_failure,,answer,False,0,0,0,169.34,169.32
M1_C2_KP1_T1_can_r10,KP1_T1,T1,M1,C2,can,10,correct,,answer,False,1,1,1,6.88,5.9
M3_C3_KP6_T2_B_r09,KP6_T2,T2,M3,C3,B,9,numeric_wrong,,answer,False,1,0,0,103.45,102.06
M1_C3_KP1_T1_B_r10,KP1_T1,T1,M1,C3,B,10,numeric_wrong,,answer,False,1,0,0,15.8,15.07
M2_C2_KP1_T1_can_r10,KP1_T1,T1,M2,C2,can,10,correct,,answer,False,1,1,1,20.14,19.44
M2_C4_KP6_T3_can_r09,KP6_T3,T3,M2,C4,can,9,numeric_wrong,wrong,answer,False,1,0,0,51.31,50.47
M1_C4_KP1_T1_can_r10,KP1_T1,T1,M1,C4,can,10,correct,,answer,False,1,1,1,6.44,5.29
M3_C4_KP4_T3_can_r09,KP4_T3,T3,M3,C4,can,9,correct,strict,answer,False,1,1,1,74.11,73.37
M3_C3_KP6_T3_B_r09,KP6_T3,T3,M3,C3,B,9,code_error,,answer,False,0,0,0,88.41,87.74
M3_C2_KP6_T3_can_r09,KP6_T3,T3,M3,C2,can,9,correct,strict,answer,False,1,1,1,104.8,104.13
M2_C1_KP1_T1_B_r10,KP1_T1,T1,M2,C1,B,10,correct,,answer,False,1,1,1,73.04,72.35
M1_C1_KP1_T2_B_r10,KP1_T2,T2,M1,C1,B,10,numeric_wrong,,answer,False,1,0,0,21.77,20.94
M3_C2_KP1_T1_can_r10,KP1_T1,T1,M3,C2,can,10,correct,,answer,False,1,1,1,69.36,68.58
M2_C4_KP1_T1_can_r10,KP1_T1,T1,M2,C4,can,10,code_error,,answer,False,0,0,0,50.2,49.92
M1_C2_KP1_T2_can_r10,KP1_T2,T2,M1,C2,can,10,correct,,answer,False,1,1,1,14.94,13.77
M3_C4_KP1_T1_can_r10,KP1_T1,T1,M3,C4,can,10,correct,,answer,False,1,1,1,58.07,57.24
M1_C3_KP1_T2_B_r10,KP1_T2,T2,M1,C3,B,10,numeric_wrong,,answer,False,1,0,0,22.79,21.89
M3_C1_KP1_T2_B_r10,KP1_T2,T2,M3,C1,B,10,correct,,answer,False,1,1,1,46.91,45.68
M1_C4_KP1_T2_can_r10,KP1_T2,T2,M1,C4,can,10,correct,,answer,False,1,1,1,13.7,12.48
M2_C3_KP1_T2_B_r10,KP1_T2,T2,M2,C3,B,10,correct,,answer,False,1,1,1,42.59,41.47
M1_C1_KP1_T3_B_r10,KP1_T3,T3,M1,C1,B,10,numeric_wrong,wrong,answer,False,1,0,0,9.2,9.01
M2_C1_KP1_T2_B_r10,KP1_T2,T2,M2,C1,B,10,correct,,answer,False,1,1,1,74.7,73.88
M3_C4_KP1_T2_can_r10,KP1_T2,T2,M3,C4,can,10,format_failure,,answer,False,0,0,0,35.91,35.9
M2_C1_KP1_T3_B_r10,KP1_T3,T3,M2,C1,B,10,correct,strict,answer,False,1,1,1,21.98,21.79
M3_C2_KP1_T2_can_r10,KP1_T2,T2,M3,C2,can,10,code_error,,answer,False,0,0,0,78.26,77.05
M1_C2_KP1_T3_can_r10,KP1_T3,T3,M1,C2,can,10,correct,strict,answer,False,1,1,1,7.82,7.51
M1_C3_KP1_T3_B_r10,KP1_T3,T3,M1,C3,B,10,numeric_wrong,wrong,answer,False,1,0,0,13.42,13.19
M3_C2_KP1_T3_can_r10,KP1_T3,T3,M3,C2,can,10,correct,strict,answer,False,1,1,1,17.76,17.43
M2_C2_KP1_T3_can_r10,KP1_T3,T3,M2,C2,can,10,correct,strict,answer,False,1,1,1,22.01,21.75
M3_C1_KP1_T3_B_r10,KP1_T3,T3,M3,C1,B,10,numeric_wrong,wrong,answer,False,1,0,0,49.86,49.72
M1_C4_KP1_T3_can_r10,KP1_T3,T3,M1,C4,can,10,correct,strict,answer,False,1,1,1,6.62,6.37
M2_C2_KP1_T2_can_r10,KP1_T2,T2,M2,C2,can,10,correct,,answer,False,1,1,1,111.84,110.82
M2_C3_KP1_T3_B_r10,KP1_T3,T3,M2,C3,B,10,correct,strict,answer,False,1,1,1,24.99,24.83
M1_C1_KP2_T1_B_r10,KP2_T1,T1,M1,C1,B,10,correct,,answer,False,1,1,1,9.56,9.45
M2_C4_KP1_T3_can_r10,KP1_T3,T3,M2,C4,can,10,correct,strict,answer,False,1,1,1,22.6,22.33
M1_C2_KP2_T1_can_r10,KP2_T1,T1,M1,C2,can,10,correct,,answer,False,1,1,1,7.77,7.49
M2_C1_KP2_T1_B_r10,KP2_T1,T1,M2,C1,B,10,numeric_wrong,,answer,False,1,0,0,17.57,17.47
M3_C1_KP2_T1_B_r10,KP2_T1,T1,M3,C1,B,10,numeric_wrong,,answer,False,1,0,0,27.81,27.57
M2_C2_KP2_T1_can_r10,KP2_T1,T1,M2,C2,can,10,format_failure,,answer,False,1,0,0,14.44,14.18
M3_C3_KP1_T2_B_r10,KP1_T2,T2,M3,C3,B,10,correct,,answer,False,1,1,1,136.12,135.02
M3_C4_KP1_T3_can_r10,KP1_T3,T3,M3,C4,can,10,correct,strict,answer,False,1,1,1,45.04,44.77
M3_C2_KP2_T1_can_r10,KP2_T1,T1,M3,C2,can,10,correct,,answer,False,1,1,1,19.43,19.29
M1_C3_KP2_T1_B_r10,KP2_T1,T1,M1,C3,B,10,correct,,answer,False,1,1,1,8.96,8.83
M1_C4_KP2_T1_can_r10,KP2_T1,T1,M1,C4,can,10,correct,,answer,False,1,1,1,6.53,6.25
M2_C4_KP1_T2_can_r10,KP1_T2,T2,M2,C4,can,10,correct,,answer,False,1,1,1,127.48,126.36
M3_C3_KP1_T1_B_r10,KP1_T1,T1,M3,C3,B,10,format_failure,,answer,False,0,0,0,208.97,208.95
M2_C3_KP2_T1_B_r10,KP2_T1,T1,M2,C3,B,10,correct,,answer,False,1,1,1,13.15,13.02
M2_C4_KP2_T1_can_r10,KP2_T1,T1,M2,C4,can,10,correct,,answer,False,1,1,1,11.79,11.05
M1_C1_KP2_T2_B_r10,KP2_T2,T2,M1,C1,B,10,correct,,answer,False,1,1,1,12.87,11.99
M3_C3_KP2_T1_B_r10,KP2_T1,T1,M3,C3,B,10,correct,,answer,False,1,1,1,22.61,22.5
M3_C2_KP2_T2_can_r10,KP2_T2,T2,M3,C2,can,10,format_failure,,answer,False,0,0,0,5.53,5.53
M1_C2_KP2_T2_can_r10,KP2_T2,T2,M1,C2,can,10,correct,,answer,False,1,1,1,15.73,14.69
M3_C4_KP2_T1_can_r10,KP2_T1,T1,M3,C4,can,10,correct,,answer,False,1,1,1,21.98,21.75
M1_C3_KP2_T2_B_r10,KP2_T2,T2,M1,C3,B,10,correct,,answer,False,1,1,1,14.38,13.56
M1_C4_KP2_T2_can_r10,KP2_T2,T2,M1,C4,can,10,correct,,answer,False,1,1,1,13.79,12.86
M3_C1_KP2_T2_B_r10,KP2_T2,T2,M3,C1,B,10,format_failure,,answer,False,0,0,0,33.15,33.15
M1_C1_KP2_T3_B_r10,KP2_T3,T3,M1,C1,B,10,numeric_wrong,wrong,answer,False,1,0,0,7.94,7.78
M3_C3_KP1_T3_B_r10,KP1_T3,T3,M3,C3,B,10,numeric_wrong,wrong,answer,False,1,0,0,106.26,106.15
M2_C1_KP2_T3_B_r10,KP2_T3,T3,M2,C1,B,10,correct,strict,answer,False,1,1,1,15.44,15.29
M2_C2_KP2_T2_can_r10,KP2_T2,T2,M2,C2,can,10,correct,,answer,False,1,1,1,50.96,49.92
M3_C4_KP2_T2_can_r10,KP2_T2,T2,M3,C4,can,10,format_failure,,answer,False,0,0,0,28.72,28.72
M1_C2_KP2_T3_can_r10,KP2_T3,T3,M1,C2,can,10,correct,strict,answer,False,1,1,1,5.36,5.08
M1_C3_KP2_T3_B_r10,KP2_T3,T3,M1,C3,B,10,numeric_wrong,wrong,answer,True,1,0,0,9.68,9.5
M2_C4_KP2_T2_can_r10,KP2_T2,T2,M2,C4,can,10,correct,,answer,False,1,1,1,49.89,48.85
M2_C2_KP2_T3_can_r10,KP2_T3,T3,M2,C2,can,10,numeric_wrong,wrong,answer,True,1,0,0,22.45,22.22
M1_C4_KP2_T3_can_r10,KP2_T3,T3,M1,C4,can,10,correct,strict,answer,False,1,1,1,4.55,4.3
M2_C4_KP2_T3_can_r10,KP2_T3,T3,M2,C4,can,10,correct,strict,answer,False,1,1,1,13.56,13.26
M3_C2_KP2_T3_can_r10,KP2_T3,T3,M3,C2,can,10,correct,strict,answer,False,1,1,1,42.65,42.34
M2_C3_KP2_T2_B_r10,KP2_T2,T2,M2,C3,B,10,correct,,answer,False,1,1,1,97.04,96.88
M2_C1_KP2_T2_B_r10,KP2_T2,T2,M2,C1,B,10,correct,,answer,False,1,1,1,122.48,122.32
M1_C1_KP3_T1_B_r10,KP3_T1,T1,M1,C1,B,10,numeric_wrong,,answer,False,1,0,0,22.76,22.64
M3_C3_KP2_T2_B_r10,KP2_T2,T2,M3,C3,B,10,correct,,answer,False,1,1,1,115.39,114.27
M3_C1_KP2_T3_B_r10,KP2_T3,T3,M3,C1,B,10,correct,strict,answer,False,1,1,1,88.79,88.66
M3_C4_KP2_T3_can_r10,KP2_T3,T3,M3,C4,can,10,correct,strict,answer,False,1,1,1,40.67,40.49
M1_C2_KP3_T1_can_r10,KP3_T1,T1,M1,C2,can,10,correct,,answer,False,1,1,1,16.01,15.65
M2_C2_KP3_T1_can_r10,KP3_T1,T1,M2,C2,can,10,correct,,answer,False,1,1,1,16.92,16.55
M1_C3_KP3_T1_B_r10,KP3_T1,T1,M1,C3,B,10,numeric_wrong,,answer,False,1,0,0,14.46,14.31
M2_C3_KP2_T3_B_r10,KP2_T3,T3,M2,C3,B,10,numeric_wrong,wrong,answer,True,1,0,0,80.78,80.65
M3_C3_KP2_T3_B_r10,KP2_T3,T3,M3,C3,B,10,numeric_wrong,wrong,answer,True,1,0,0,82.92,82.7
M1_C4_KP3_T1_can_r10,KP3_T1,T1,M1,C4,can,10,correct,,answer,False,1,1,1,10.47,10.1
M2_C4_KP3_T1_can_r10,KP3_T1,T1,M2,C4,can,10,correct,,answer,False,1,1,1,20.68,20.25
M1_C1_KP3_T2_B_r10,KP3_T2,T2,M1,C1,B,10,numeric_wrong,,answer,False,1,0,0,20.94,19.86
M3_C4_KP3_T1_can_r10,KP3_T1,T1,M3,C4,can,10,correct,,answer,False,1,1,1,49.55,49.17
M2_C1_KP3_T1_B_r10,KP3_T1,T1,M2,C1,B,10,format_failure,,answer,False,0,0,0,99.7,99.68
M3_C1_KP3_T2_B_r10,KP3_T2,T2,M3,C1,B,10,format_failure,,answer,False,0,0,0,32.16,32.15
M1_C2_KP3_T2_can_r10,KP3_T2,T2,M1,C2,can,10,numeric_wrong,,answer,False,1,0,0,20.8,19.29
M1_C3_KP3_T2_B_r10,KP3_T2,T2,M1,C3,B,10,numeric_wrong,,answer,False,1,0,0,19.68,18.61
M2_C3_KP3_T2_B_r10,KP3_T2,T2,M2,C3,B,10,format_failure,,answer,False,0,0,0,4.24,4.23
M3_C2_KP3_T1_can_r10,KP3_T1,T1,M3,C2,can,10,correct,,answer,False,1,1,1,134.36,134.04
M2_C2_KP3_T2_can_r10,KP3_T2,T2,M2,C2,can,10,correct,,answer,False,1,1,1,59.24,58.33
M1_C4_KP3_T2_can_r10,KP3_T2,T2,M1,C4,can,10,correct,,answer,False,1,1,1,15.05,13.85
M3_C1_KP1_T1_B_r10,KP1_T1,T1,M3,C1,B,10,format_failure,,answer,False,0,0,0,215.47,215.46
M1_C1_KP3_T3_B_r10,KP3_T3,T3,M1,C1,B,10,numeric_wrong,wrong,answer,False,1,0,0,8.55,8.37
M2_C1_KP3_T2_B_r10,KP3_T2,T2,M2,C1,B,10,format_failure,,answer,False,0,0,0,132.61,132.61
M3_C2_KP3_T2_can_r10,KP3_T2,T2,M3,C2,can,10,correct,,answer,False,1,1,1,95.24,93.55
M1_C2_KP3_T3_can_r10,KP3_T3,T3,M1,C2,can,10,numeric_wrong,wrong,answer,False,1,0,0,15.74,15.11
M3_C1_KP3_T3_B_r10,KP3_T3,T3,M3,C1,B,10,numeric_wrong,wrong,answer,False,1,0,0,45.57,45.36
M3_C4_KP3_T2_can_r10,KP3_T2,T2,M3,C4,can,10,correct,,answer,False,1,1,1,72.14,71.01
M2_C1_KP3_T3_B_r10,KP3_T3,T3,M2,C1,B,10,format_failure,,answer,False,0,0,0,59.45,59.44
M1_C3_KP3_T3_B_r10,KP3_T3,T3,M1,C3,B,10,numeric_wrong,wrong,answer,False,1,0,0,10.31,10.09
M2_C4_KP3_T2_can_r10,KP3_T2,T2,M2,C4,can,10,correct,,answer,False,1,1,1,105.86,103.9
M2_C2_KP3_T3_can_r10,KP3_T3,T3,M2,C2,can,10,numeric_wrong,wrong,answer,False,1,0,0,57.38,56.88
M1_C4_KP3_T3_can_r10,KP3_T3,T3,M1,C4,can,10,correct,strict,answer,False,1,1,1,8.65,8.39
M2_C4_KP3_T3_can_r10,KP3_T3,T3,M2,C4,can,10,correct,strict,answer,False,1,1,1,10.81,10.49
M3_C1_KP3_T1_B_r10,KP3_T1,T1,M3,C1,B,10,format_failure,,answer,False,0,0,0,278.01,278.01
M1_C1_KP4_T1_B_r10,KP4_T1,T1,M1,C1,B,10,numeric_wrong,,answer,False,1,0,0,12.59,11.74
M3_C4_KP3_T3_can_r10,KP3_T3,T3,M3,C4,can,10,correct,strict,answer,False,1,1,1,24.34,24.08
M3_C3_KP3_T3_B_r10,KP3_T3,T3,M3,C3,B,10,numeric_wrong,wrong,answer,False,1,0,0,45.06,44.94
M1_C2_KP4_T1_can_r10,KP4_T1,T1,M1,C2,can,10,numeric_wrong,,answer,False,1,0,0,10.96,10.05
M3_C3_KP3_T2_B_r10,KP3_T2,T2,M3,C3,B,10,correct,,answer,False,1,1,1,168.7,167.42
M3_C1_KP4_T1_B_r10,KP4_T1,T1,M3,C1,B,10,numeric_wrong,,answer,False,1,0,0,16.12,15.25
M2_C3_KP3_T1_B_r10,KP3_T1,T1,M2,C3,B,10,correct,,answer,False,1,1,1,281.47,281.35
M2_C3_KP3_T3_B_r10,KP3_T3,T3,M2,C3,B,10,numeric_wrong,wrong,answer,False,1,0,0,75.24,75.13
M1_C3_KP4_T1_B_r10,KP4_T1,T1,M1,C3,B,10,numeric_wrong,,answer,False,1,0,0,11.97,11.22
M2_C3_KP1_T1_B_r10,KP1_T1,T1,M2,C3,B,10,format_failure,,answer,False,0,0,0,27.78,27.77
M2_C4_KP4_T1_can_r10,KP4_T1,T1,M2,C4,can,10,correct,,answer,False,1,1,1,8.31,7.52
M1_C4_KP4_T1_can_r10,KP4_T1,T1,M1,C4,can,10,numeric_wrong,,answer,False,1,0,0,12.62,11.84
M1_C1_KP4_T2_B_r10,KP4_T2,T2,M1,C1,B,10,correct,,answer,False,1,1,1,15.0,13.63
M2_C2_KP4_T1_can_r10,KP4_T1,T1,M2,C2,can,10,correct,,answer,False,1,1,1,46.33,45.53
M3_C2_KP4_T1_can_r10,KP4_T1,T1,M3,C2,can,10,correct,,answer,False,1,1,1,38.39,37.69
M1_C2_KP4_T2_can_r10,KP4_T2,T2,M1,C2,can,10,correct,,answer,False,1,1,1,15.27,13.91
M3_C2_KP3_T3_can_r10,KP3_T3,T3,M3,C2,can,10,code_error,,answer,False,0,0,0,116.36,116.24
M2_C1_KP4_T2_B_r10,KP4_T2,T2,M2,C1,B,10,correct,,answer,False,1,1,1,33.37,31.31
M1_C3_KP4_T2_B_r10,KP4_T2,T2,M1,C3,B,10,correct,,answer,False,1,1,1,14.58,13.07
M3_C1_KP4_T2_B_r10,KP4_T2,T2,M3,C1,B,10,correct,,answer,False,1,1,1,33.92,32.11
M2_C2_KP4_T2_can_r10,KP4_T2,T2,M2,C2,can,10,correct,,answer,False,1,1,1,36.06,34.37
M1_C4_KP4_T2_can_r10,KP4_T2,T2,M1,C4,can,10,correct,,answer,False,1,1,1,14.93,13.32
M3_C2_KP4_T2_can_r10,KP4_T2,T2,M3,C2,can,10,code_error,,answer,False,0,0,0,38.42,38.24
M3_C4_KP4_T2_can_r10,KP4_T2,T2,M3,C4,can,10,format_failure,,answer,False,0,0,0,19.2,19.19
M1_C1_KP4_T3_B_r10,KP4_T3,T3,M1,C1,B,10,numeric_wrong,wrong,answer,False,1,0,0,10.93,10.61
M3_C3_KP4_T1_B_r10,KP4_T1,T1,M3,C3,B,10,numeric_wrong,,answer,False,1,0,0,93.73,93.54
M3_C4_KP4_T1_can_r10,KP4_T1,T1,M3,C4,can,10,correct,,answer,False,1,1,1,87.53,86.25
M1_C2_KP4_T3_can_r10,KP4_T3,T3,M1,C2,can,10,correct,strict,answer,False,1,1,1,10.42,9.41
M2_C3_KP4_T2_B_r10,KP4_T2,T2,M2,C3,B,10,correct,,answer,False,1,1,1,63.51,63.32
M2_C4_KP4_T2_can_r10,KP4_T2,T2,M2,C4,can,10,correct,,answer,False,1,1,1,48.11,46.28
M2_C2_KP4_T3_can_r10,KP4_T3,T3,M2,C2,can,10,correct,strict,answer,False,1,1,1,21.86,20.7
M2_C1_KP4_T3_B_r10,KP4_T3,T3,M2,C1,B,10,format_failure,,answer,False,1,0,0,27.47,27.29
M1_C4_KP4_T3_can_r10,KP4_T3,T3,M1,C4,can,10,correct,strict,answer,False,1,1,1,10.48,9.51
M1_C3_KP4_T3_B_r10,KP4_T3,T3,M1,C3,B,10,numeric_wrong,wrong,answer,False,1,0,0,23.71,23.53
M3_C2_KP4_T3_can_r10,KP4_T3,T3,M3,C2,can,10,correct,strict,answer,False,1,1,1,39.52,38.42
M3_C3_KP4_T2_B_r10,KP4_T2,T2,M3,C3,B,10,correct,,answer,False,1,1,1,88.21,86.23
M1_C1_KP5_T1_B_r10,KP5_T1,T1,M1,C1,B,10,numeric_wrong,,answer,False,1,0,0,7.52,7.29
M2_C4_KP4_T3_can_r10,KP4_T3,T3,M2,C4,can,10,correct,strict,answer,False,1,1,1,25.31,24.3
M3_C3_KP4_T3_B_r10,KP4_T3,T3,M3,C3,B,10,numeric_wrong,wrong,answer,False,1,0,0,37.69,37.54
M1_C2_KP5_T1_can_r10,KP5_T1,T1,M1,C2,can,10,correct,,answer,False,1,1,1,7.91,7.09
M3_C4_KP4_T3_can_r10,KP4_T3,T3,M3,C4,can,10,correct,strict,answer,False,1,1,1,28.32,27.46
M2_C3_KP4_T3_B_r10,KP4_T3,T3,M2,C3,B,10,format_failure,,answer,False,1,0,0,50.2,50.08
M2_C1_KP5_T1_B_r10,KP5_T1,T1,M2,C1,B,10,correct,,answer,False,1,1,1,27.17,26.23
M1_C3_KP5_T1_B_r10,KP5_T1,T1,M1,C3,B,10,numeric_wrong,,answer,False,1,0,0,9.72,9.61
M1_C4_KP5_T1_can_r10,KP5_T1,T1,M1,C4,can,10,correct,,answer,False,1,1,1,6.3,5.33
M3_C1_KP5_T1_B_r10,KP5_T1,T1,M3,C1,B,10,correct,,answer,False,1,1,1,32.65,31.79
M2_C3_KP5_T1_B_r10,KP5_T1,T1,M2,C3,B,10,correct,,answer,False,1,1,1,25.27,24.35
M3_C3_KP5_T1_B_r10,KP5_T1,T1,M3,C3,B,10,correct,,answer,False,1,1,1,18.09,17.28
M2_C4_KP5_T1_can_r10,KP5_T1,T1,M2,C4,can,10,correct,,answer,False,1,1,1,11.3,10.38
M1_C1_KP5_T2_B_r10,KP5_T2,T2,M1,C1,B,10,numeric_wrong,,answer,False,1,0,0,11.32,9.82
M3_C2_KP5_T1_can_r10,KP5_T1,T1,M3,C2,can,10,code_error,,answer,False,0,0,0,40.12,39.24
M2_C2_KP5_T1_can_r10,KP5_T1,T1,M2,C2,can,10,code_error,,answer,False,0,0,0,45.35,44.46
M1_C2_KP5_T2_can_r10,KP5_T2,T2,M1,C2,can,10,correct,,answer,False,1,1,1,15.31,13.16
M3_C4_KP5_T1_can_r10,KP5_T1,T1,M3,C4,can,10,correct,,answer,False,1,1,1,39.82,38.93
M1_C3_KP5_T2_B_r10,KP5_T2,T2,M1,C3,B,10,numeric_wrong,,answer,False,1,0,0,12.27,10.84
M2_C1_KP5_T2_B_r10,KP5_T2,T2,M2,C1,B,10,correct,,answer,False,1,1,1,40.55,38.96
M2_C1_KP4_T1_B_r10,KP4_T1,T1,M2,C1,B,10,correct,,answer,False,1,1,1,257.03,256.2
M1_C4_KP5_T2_can_r10,KP5_T2,T2,M1,C4,can,10,correct,,answer,False,1,1,1,13.12,11.74
M3_C1_KP5_T2_B_r10,KP5_T2,T2,M3,C1,B,10,numeric_wrong,,answer,False,1,0,0,54.44,52.92
M1_C1_KP5_T3_B_r10,KP5_T3,T3,M1,C1,B,10,numeric_wrong,wrong,answer,False,1,0,0,5.69,5.51
M2_C1_KP5_T3_B_r10,KP5_T3,T3,M2,C1,B,10,numeric_wrong,wrong,answer,False,1,0,0,4.11,4.0
M2_C2_KP5_T2_can_r10,KP5_T2,T2,M2,C2,can,10,code_error,,answer,False,0,0,0,58.91,57.3
M3_C4_KP5_T2_can_r10,KP5_T2,T2,M3,C4,can,10,correct,,answer,False,1,1,1,23.61,22.02
M1_C2_KP5_T3_can_r10,KP5_T3,T3,M1,C2,can,10,numeric_wrong,wrong,answer,False,1,0,0,5.94,5.12
M3_C3_KP5_T2_B_r10,KP5_T2,T2,M3,C3,B,10,correct,,answer,False,1,1,1,54.72,53.24
M1_C3_KP5_T3_B_r10,KP5_T3,T3,M1,C3,B,10,correct,strict,answer,False,1,1,1,6.57,6.2
M2_C2_KP5_T3_can_r10,KP5_T3,T3,M2,C2,can,10,correct,strict,answer,False,1,1,1,25.25,24.42
M3_C2_KP5_T2_can_r10,KP5_T2,T2,M3,C2,can,10,correct,,answer,False,1,1,1,93.63,91.97
M1_C4_KP5_T3_can_r10,KP5_T3,T3,M1,C4,can,10,numeric_wrong,wrong,answer,False,1,0,0,6.44,5.61
M3_C3_KP5_T3_B_r10,KP5_T3,T3,M3,C3,B,10,correct,strict,answer,False,1,1,1,13.0,12.87
M2_C3_KP5_T2_B_r10,KP5_T2,T2,M2,C3,B,10,correct,,answer,False,1,1,1,84.49,82.77
M3_C2_KP5_T3_can_r10,KP5_T3,T3,M3,C2,can,10,correct,strict,answer,False,1,1,1,42.48,41.47
M2_C3_KP5_T3_B_r10,KP5_T3,T3,M2,C3,B,10,correct,strict,answer,False,1,1,1,27.23,27.1
M3_C1_KP4_T3_B_r10,KP4_T3,T3,M3,C1,B,10,numeric_wrong,wrong,answer,False,1,0,0,219.76,219.59
M2_C4_KP5_T3_can_r10,KP5_T3,T3,M2,C4,can,10,correct,strict,answer,False,1,1,1,17.42,16.64
M3_C1_KP5_T3_B_r10,KP5_T3,T3,M3,C1,B,10,correct,strict,answer,False,1,1,1,65.85,65.74
M2_C1_KP6_T1_B_r10,KP6_T1,T1,M2,C1,B,10,numeric_wrong,,answer,False,1,0,0,16.13,16.02
M1_C2_KP6_T1_can_r10,KP6_T1,T1,M1,C2,can,10,numeric_wrong,,answer,False,1,0,0,10.75,10.0
M2_C3_KP4_T1_B_r10,KP4_T1,T1,M2,C3,B,10,numeric_wrong,,answer,False,1,0,0,20.47,20.36
M1_C1_KP6_T1_B_r10,KP6_T1,T1,M1,C1,B,10,numeric_wrong,,answer,False,1,0,0,22.71,21.97
M2_C4_KP5_T2_can_r10,KP5_T2,T2,M2,C4,can,10,correct,,answer,False,1,1,1,98.69,97.29
M1_C4_KP6_T1_can_r10,KP6_T1,T1,M1,C4,can,10,correct,,answer,False,1,1,1,12.81,12.0
M1_C3_KP6_T1_B_r10,KP6_T1,T1,M1,C3,B,10,numeric_wrong,,answer,False,1,0,0,23.52,22.71
M2_C2_KP6_T1_can_r10,KP6_T1,T1,M2,C2,can,10,correct,,answer,False,1,1,1,33.07,32.11
M1_C1_KP6_T2_B_r10,KP6_T2,T2,M1,C1,B,10,numeric_wrong,,answer,False,1,0,0,13.69,11.87
M2_C4_KP6_T1_can_r10,KP6_T1,T1,M2,C4,can,10,correct,,answer,False,1,1,1,34.08,33.0
M3_C4_KP5_T3_can_r10,KP5_T3,T3,M3,C4,can,10,code_error,,answer,False,0,0,0,70.13,70.0
M2_C1_KP6_T2_B_r10,KP6_T2,T2,M2,C1,B,10,numeric_wrong,,answer,False,1,0,0,26.84,25.33
M3_C2_KP6_T1_can_r10,KP6_T1,T1,M3,C2,can,10,correct,,answer,False,1,1,1,61.56,60.52
M1_C2_KP6_T2_can_r10,KP6_T2,T2,M1,C2,can,10,numeric_wrong,,answer,False,1,0,0,15.8,14.03
M3_C4_KP6_T1_can_r10,KP6_T1,T1,M3,C4,can,10,correct,,answer,False,1,1,1,52.63,51.14
M1_C3_KP6_T2_B_r10,KP6_T2,T2,M1,C3,B,10,numeric_wrong,,answer,False,1,0,0,13.83,11.85
M2_C3_KP6_T1_B_r10,KP6_T1,T1,M2,C3,B,10,numeric_wrong,,answer,False,1,0,0,69.69,68.63
M1_C4_KP6_T2_can_r10,KP6_T2,T2,M1,C4,can,10,correct,,answer,False,1,1,1,11.27,9.14
M2_C3_KP6_T2_B_r10,KP6_T2,T2,M2,C3,B,10,code_error,,answer,False,0,0,0,34.54,32.79
M1_C1_KP6_T3_B_r10,KP6_T3,T3,M1,C1,B,10,code_error,,answer,False,0,0,0,9.95,9.53
M3_C1_KP6_T2_B_r10,KP6_T2,T2,M3,C1,B,10,numeric_wrong,,answer,False,1,0,0,71.22,69.17
M3_C4_KP6_T2_can_r10,KP6_T2,T2,M3,C4,can,10,correct,,answer,False,1,1,1,29.04,26.77
M2_C2_KP6_T2_can_r10,KP6_T2,T2,M2,C2,can,10,correct,,answer,False,1,1,1,67.07,65.25
M1_C2_KP6_T3_can_r10,KP6_T3,T3,M1,C2,can,10,numeric_wrong,wrong,answer,True,1,0,0,10.91,9.85
M2_C1_KP6_T3_B_r10,KP6_T3,T3,M2,C1,B,10,numeric_wrong,wrong,answer,False,1,0,0,22.39,21.23
M2_C4_KP6_T2_can_r10,KP6_T2,T2,M2,C4,can,10,correct,,answer,False,1,1,1,55.17,53.26
M3_C3_KP6_T1_B_r10,KP6_T1,T1,M3,C3,B,10,numeric_wrong,,answer,False,1,0,0,123.61,123.4
M3_C2_KP6_T3_can_r10,KP6_T3,T3,M3,C2,can,10,format_failure,,answer,False,0,0,0,17.74,17.72
M1_C3_KP6_T3_B_r10,KP6_T3,T3,M1,C3,B,10,code_error,,answer,False,0,0,0,12.06,11.58
M3_C1_KP6_T1_B_r10,KP6_T1,T1,M3,C1,B,10,numeric_wrong,,answer,False,1,0,0,147.58,146.54
M1_C4_KP6_T3_can_r10,KP6_T3,T3,M1,C4,can,10,correct,strict,answer,False,1,1,1,6.56,4.82
M3_C3_KP6_T2_B_r10,KP6_T2,T2,M3,C3,B,10,code_error,,answer,False,0,0,0,72.72,70.88
M2_C2_KP6_T3_can_r10,KP6_T3,T3,M2,C2,can,10,correct,strict,answer,False,1,1,1,33.72,32.6
M3_C2_KP6_T2_can_r10,KP6_T2,T2,M3,C2,can,10,correct,,answer,False,1,1,1,107.9,105.67
M2_C4_KP6_T3_can_r10,KP6_T3,T3,M2,C4,can,10,correct,strict,answer,False,1,1,1,26.98,25.77
M3_C4_KP6_T3_can_r10,KP6_T3,T3,M3,C4,can,10,correct,strict,answer,False,1,1,1,30.18,29.04
M3_C3_KP6_T3_B_r10,KP6_T3,T3,M3,C3,B,10,numeric_wrong,wrong,answer,False,1,0,0,40.62,39.59
M2_C3_KP6_T3_B_r10,KP6_T3,T3,M2,C3,B,10,numeric_wrong,wrong,answer,False,1,0,0,49.1,48.61
M3_C1_KP6_T3_B_r10,KP6_T3,T3,M3,C1,B,10,numeric_wrong,wrong,answer,False,1,0,0,75.54,74.4
M3_C3_KP3_T1_B_r10,KP3_T1,T1,M3,C3,B,10,numeric_wrong,,answer,False,1,0,0,263.5,263.25
M3_C3_KP3_T2_A_r01,KP3_T2,T2,M3,C3,A,1,correct,,answer,False,1,1,1,253.12,250.02
M3_C1_KP4_T3_A_r04,KP4_T3,T3,M3,C1,A,4,correct,strict,answer,False,1,1,1,267.42,267.08
M2_C3_KP1_T1_A_r02,KP1_T1,T1,M2,C3,A,2,format_failure,,answer,False,0,0,0,230.44,230.43
